load_name,bus_name,phase,lv_feeder_id,source_file,ausgrid_customer_id,adoption_rank,participant_33pct,participant_50pct,participant_100pct
ld1000_load_a,b1085,1,LV9_258bus,LV/LV9_258bus/Loads.dss,265,529,0,1,1
ld1003_load_b,b3059,2,LV11_216bus,LV/LV11_216bus/Loads.dss,49,706,0,0,1
ld100_load_b,b3403,2,LV24_246bus,LV/LV24_246bus/Loads.dss,202,657,0,0,1
ld1010_load_c,b978,3,LV12_248bus,LV/LV12_248bus/Loads.dss,149,1097,0,0,1
ld1014_load_a,b975,1,LV12_248bus,LV/LV12_248bus/Loads.dss,275,346,1,1,1
ld1017_load_c,b331,3,LV17_279bus,LV/LV17_279bus/Loads.dss,269,547,0,1,1
ld101_load_a,b124,1,LV30_315bus,LV/LV30_315bus/Loads.dss,124,598,0,1,1
ld1023_load_a,b2712,1,LV29_90bus,LV/LV29_90bus/Loads.dss,218,364,1,1,1
ld1025_load_a,b1067,1,LV17_279bus,LV/LV17_279bus/Loads.dss,238,559,0,1,1
ld1028_load_b,b615,2,LV10_223bus,LV/LV10_223bus/Loads.dss,196,157,1,1,1
ld1031_load_c,b2702,3,LV32_100bus,LV/LV32_100bus/Loads.dss,227,786,0,0,1
ld1032_load_b,b1610,2,LV17_279bus,LV/LV17_279bus/Loads.dss,282,512,0,1,1
ld1036_load_c,b2104,3,LV26_205bus,LV/LV26_205bus/Loads.dss,11,767,0,0,1
ld1037_load_b,b3378,2,LV9_258bus,LV/LV9_258bus/Loads.dss,81,491,0,1,1
ld1039_load_c,b1717,3,LV11_216bus,LV/LV11_216bus/Loads.dss,193,591,0,1,1
ld1049_load_a,b1345,1,LV15_137bus,LV/LV15_137bus/Loads.dss,124,678,0,0,1
ld1056_load_a,b2368,1,LV24_246bus,LV/LV24_246bus/Loads.dss,265,487,0,1,1
ld1058_load_b,b1964,2,LV12_248bus,LV/LV12_248bus/Loads.dss,102,1222,0,0,1
ld105_load_c,b1231,3,LV12_248bus,LV/LV12_248bus/Loads.dss,261,819,0,0,1
ld1063_load_b,b2675,2,LV30_315bus,LV/LV30_315bus/Loads.dss,101,410,1,1,1
ld1064_load_c,b1628,3,LV9_258bus,LV/LV9_258bus/Loads.dss,266,1223,0,0,1
ld1065_load_b,b1914,2,LV24_246bus,LV/LV24_246bus/Loads.dss,275,1155,0,0,1
ld1066_load_a,b3295,1,LV11_216bus,LV/LV11_216bus/Loads.dss,179,1226,0,0,1
ld106_load_a,b1888,1,LV11_216bus,LV/LV11_216bus/Loads.dss,232,649,0,0,1
ld1070_load_c,b2765,3,LV24_246bus,LV/LV24_246bus/Loads.dss,232,969,0,0,1
ld1073_load_a,b94,1,LV9_258bus,LV/LV9_258bus/Loads.dss,283,1225,0,0,1
ld1077_load_a,b1018,1,LV26_205bus,LV/LV26_205bus/Loads.dss,261,321,1,1,1
ld1082_load_b,b3292,2,LV9_258bus,LV/LV9_258bus/Loads.dss,118,1153,0,0,1
ld1084_load_c,b2603,3,LV22_80bus,LV/LV22_80bus/Loads.dss,220,704,0,0,1
ld1085_load_c,b2737,3,LV9_258bus,LV/LV9_258bus/Loads.dss,203,574,0,1,1
ld1086_load_c,b1205,3,LV10_223bus,LV/LV10_223bus/Loads.dss,234,567,0,1,1
ld1092_load_a,b45,1,LV22_80bus,LV/LV22_80bus/Loads.dss,287,121,1,1,1
ld1102_load_b,b1677,2,LV15_137bus,LV/LV15_137bus/Loads.dss,234,1004,0,0,1
ld1103_load_c,b2569,3,LV15_137bus,LV/LV15_137bus/Loads.dss,121,5,1,1,1
ld1104_load_c,b2393,3,LV17_279bus,LV/LV17_279bus/Loads.dss,225,501,0,1,1
ld1106_load_b,b156,2,LV26_205bus,LV/LV26_205bus/Loads.dss,165,181,1,1,1
ld1109_load_b,b1822,2,LV11_216bus,LV/LV11_216bus/Loads.dss,47,314,1,1,1
ld1119_load_a,b2047,1,LV10_223bus,LV/LV10_223bus/Loads.dss,178,703,0,0,1
ld111_load_c,b2467,3,LV17_279bus,LV/LV17_279bus/Loads.dss,157,114,1,1,1
ld1121_load_a,b298,1,LV9_258bus,LV/LV9_258bus/Loads.dss,287,236,1,1,1
ld1125_load_a,b220,1,LV24_246bus,LV/LV24_246bus/Loads.dss,191,302,1,1,1
ld1126_load_b,b1505,2,LV9_258bus,LV/LV9_258bus/Loads.dss,126,644,0,0,1
ld1127_load_c,b1791,3,LV30_315bus,LV/LV30_315bus/Loads.dss,188,892,0,0,1
ld1128_load_b,b2932,2,LV10_223bus,LV/LV10_223bus/Loads.dss,262,1136,0,0,1
ld1129_load_b,b723,2,LV24_246bus,LV/LV24_246bus/Loads.dss,40,860,0,0,1
ld1132_load_b,b1704,2,LV22_80bus,LV/LV22_80bus/Loads.dss,195,160,1,1,1
ld1136_load_b,b1794,2,LV25_232bus,LV/LV25_232bus/Loads.dss,60,1152,0,0,1
ld1137_load_c,b1961,3,LV24_246bus,LV/LV24_246bus/Loads.dss,246,1026,0,0,1
ld1139_load_a,b1672,1,LV24_246bus,LV/LV24_246bus/Loads.dss,113,626,0,1,1
ld1140_load_c,b3256,3,LV11_216bus,LV/LV11_216bus/Loads.dss,211,628,0,1,1
ld1143_load_c,b3126,3,LV10_223bus,LV/LV10_223bus/Loads.dss,181,1201,0,0,1
ld1149_load_c,b1418,3,LV26_205bus,LV/LV26_205bus/Loads.dss,21,197,1,1,1
ld1151_load_a,b1959,1,LV17_279bus,LV/LV17_279bus/Loads.dss,205,801,0,0,1
ld1162_load_b,b948,2,LV29_90bus,LV/LV29_90bus/Loads.dss,126,307,1,1,1
ld1167_load_b,b499,2,LV24_246bus,LV/LV24_246bus/Loads.dss,209,1016,0,0,1
ld1170_load_b,b2320,2,LV17_279bus,LV/LV17_279bus/Loads.dss,134,1215,0,0,1
ld1171_load_a,b981,1,LV26_205bus,LV/LV26_205bus/Loads.dss,105,1070,0,0,1
ld1172_load_c,b1258,3,LV17_279bus,LV/LV17_279bus/Loads.dss,77,768,0,0,1
ld1174_load_a,b1593,1,LV10_223bus,LV/LV10_223bus/Loads.dss,139,434,0,1,1
ld1178_load_a,b989,1,LV30_315bus,LV/LV30_315bus/Loads.dss,230,630,0,0,1
ld1179_load_c,b1112,3,LV12_248bus,LV/LV12_248bus/Loads.dss,216,828,0,0,1
ld1186_load_b,b1373,2,LV10_223bus,LV/LV10_223bus/Loads.dss,56,550,0,1,1
ld118_load_b,b838,2,LV11_216bus,LV/LV11_216bus/Loads.dss,212,334,1,1,1
ld1195_load_a,b1836,1,LV15_137bus,LV/LV15_137bus/Loads.dss,179,1086,0,0,1
ld1196_load_a,b2435,1,LV17_279bus,LV/LV17_279bus/Loads.dss,70,166,1,1,1
ld1197_load_b,b70,2,LV30_315bus,LV/LV30_315bus/Loads.dss,198,976,0,0,1
ld1202_load_c,b2345,3,LV24_246bus,LV/LV24_246bus/Loads.dss,205,1052,0,0,1
ld1209_load_c,b2591,3,LV29_90bus,LV/LV29_90bus/Loads.dss,193,490,0,1,1
ld120_load_b,b2162,2,LV10_223bus,LV/LV10_223bus/Loads.dss,252,579,0,1,1
ld1212_load_a,b2158,1,LV31_15bus,LV/LV31_15bus/Loads.dss,188,444,0,1,1
ld1213_load_b,b2478,2,LV15_137bus,LV/LV15_137bus/Loads.dss,289,1081,0,0,1
ld1222_load_a,b2072,1,LV24_246bus,LV/LV24_246bus/Loads.dss,146,123,1,1,1
ld1224_load_b,b2454,2,LV24_246bus,LV/LV24_246bus/Loads.dss,229,70,1,1,1
ld1236_load_a,b2193,1,LV29_90bus,LV/LV29_90bus/Loads.dss,93,291,1,1,1
ld1242_load_a,b1029,1,LV11_216bus,LV/LV11_216bus/Loads.dss,142,725,0,0,1
ld1247_load_c,b364,3,LV9_258bus,LV/LV9_258bus/Loads.dss,269,810,0,0,1
ld1248_load_c,b46,3,LV30_315bus,LV/LV30_315bus/Loads.dss,152,449,0,1,1
ld1258_load_b,b218,2,LV11_216bus,LV/LV11_216bus/Loads.dss,276,372,1,1,1
ld1263_load_b,b3356,2,LV26_205bus,LV/LV26_205bus/Loads.dss,101,1126,0,0,1
ld1267_load_a,b2840,1,LV30_315bus,LV/LV30_315bus/Loads.dss,206,282,1,1,1
ld126_load_b,b2065,2,LV30_315bus,LV/LV30_315bus/Loads.dss,19,728,0,0,1
ld1270_load_a,b562,1,LV12_248bus,LV/LV12_248bus/Loads.dss,7,473,0,1,1
ld1277_load_b,b2793,2,LV12_248bus,LV/LV12_248bus/Loads.dss,226,1042,0,0,1
ld1278_load_c,b600,3,LV26_205bus,LV/LV26_205bus/Loads.dss,61,806,0,0,1
ld1282_load_c,b563,3,LV10_223bus,LV/LV10_223bus/Loads.dss,99,1023,0,0,1
ld1283_load_c,b399,3,LV12_248bus,LV/LV12_248bus/Loads.dss,23,428,0,1,1
ld1287_load_c,b1541,3,LV11_216bus,LV/LV11_216bus/Loads.dss,155,187,1,1,1
ld1288_load_a,b2081,1,LV26_205bus,LV/LV26_205bus/Loads.dss,34,271,1,1,1
ld1290_load_b,b2894,2,LV17_279bus,LV/LV17_279bus/Loads.dss,26,943,0,0,1
ld1291_load_b,b828,2,LV3_55bus,LV/LV3_55bus/Loads.dss,281,438,0,1,1
ld1295_load_b,b51,2,LV26_205bus,LV/LV26_205bus/Loads.dss,8,1255,0,0,1
ld1297_load_c,b1995,3,LV13_58bus,LV/LV13_58bus/Loads.dss,68,923,0,0,1
ld1302_load_c,b2748,3,LV17_279bus,LV/LV17_279bus/Loads.dss,35,194,1,1,1
ld1307_load_a,b901,1,LV11_216bus,LV/LV11_216bus/Loads.dss,288,230,1,1,1
ld1308_load_b,b567,2,LV30_315bus,LV/LV30_315bus/Loads.dss,261,746,0,0,1
ld1310_load_a,b833,1,LV9_258bus,LV/LV9_258bus/Loads.dss,76,179,1,1,1
ld1314_load_a,b1313,1,LV12_248bus,LV/LV12_248bus/Loads.dss,71,113,1,1,1
ld1315_load_c,b835,3,LV30_315bus,LV/LV30_315bus/Loads.dss,297,566,0,1,1
ld1318_load_b,b1842,2,LV9_258bus,LV/LV9_258bus/Loads.dss,187,661,0,0,1
ld1323_load_b,b2376,2,LV29_90bus,LV/LV29_90bus/Loads.dss,58,931,0,0,1
ld1326_load_a,b2169,1,LV17_279bus,LV/LV17_279bus/Loads.dss,250,176,1,1,1
ld1327_load_c,b1643,3,LV9_258bus,LV/LV9_258bus/Loads.dss,74,263,1,1,1
ld1328_load_c,b1406,3,LV26_205bus,LV/LV26_205bus/Loads.dss,106,1069,0,0,1
ld132_load_a,b154,1,LV17_279bus,LV/LV17_279bus/Loads.dss,90,128,1,1,1
ld1332_load_c,b349,3,LV25_232bus,LV/LV25_232bus/Loads.dss,238,281,1,1,1
ld1334_load_a,b3385,1,LV9_258bus,LV/LV9_258bus/Loads.dss,119,1011,0,0,1
ld1335_load_c,b488,3,LV15_137bus,LV/LV15_137bus/Loads.dss,216,150,1,1,1
ld1339_load_b,b3240,2,LV9_258bus,LV/LV9_258bus/Loads.dss,73,1051,0,0,1
ld133_load_c,b98,3,LV26_205bus,LV/LV26_205bus/Loads.dss,25,755,0,0,1
ld1351_load_b,b1589,2,LV17_279bus,LV/LV17_279bus/Loads.dss,4,959,0,0,1
ld1355_load_c,b672,3,LV24_246bus,LV/LV24_246bus/Loads.dss,58,1099,0,0,1
ld135_load_c,b338,3,LV24_246bus,LV/LV24_246bus/Loads.dss,205,313,1,1,1
ld1368_load_a,b2201,1,LV30_315bus,LV/LV30_315bus/Loads.dss,287,858,0,0,1
ld1370_load_b,b1777,2,LV11_216bus,LV/LV11_216bus/Loads.dss,63,287,1,1,1
ld137_load_a,b2128,1,LV22_80bus,LV/LV22_80bus/Loads.dss,73,382,1,1,1
ld1389_load_b,b1652,2,LV30_315bus,LV/LV30_315bus/Loads.dss,221,167,1,1,1
ld138_load_c,b187,3,LV30_315bus,LV/LV30_315bus/Loads.dss,136,206,1,1,1
ld1396_load_a,b387,1,LV32_100bus,LV/LV32_100bus/Loads.dss,88,258,1,1,1
ld13_load_a,b1472,1,LV15_137bus,LV/LV15_137bus/Loads.dss,78,825,0,0,1
ld1400_load_c,b1340,3,LV11_216bus,LV/LV11_216bus/Loads.dss,292,173,1,1,1
ld1403_load_c,b1627,3,LV17_279bus,LV/LV17_279bus/Loads.dss,206,1181,0,0,1
ld1404_load_a,b2500,1,LV17_279bus,LV/LV17_279bus/Loads.dss,15,292,1,1,1
ld1408_load_a,b1000,1,LV10_223bus,LV/LV10_223bus/Loads.dss,79,878,0,0,1
ld1409_load_b,b3238,2,LV10_223bus,LV/LV10_223bus/Loads.dss,238,1121,0,0,1
ld140_load_c,b3014,3,LV25_232bus,LV/LV25_232bus/Loads.dss,243,1171,0,0,1
ld1411_load_a,b1371,1,LV15_137bus,LV/LV15_137bus/Loads.dss,173,71,1,1,1
ld1414_load_c,b2137,3,LV9_258bus,LV/LV9_258bus/Loads.dss,118,223,1,1,1
ld1415_load_c,b2910,3,LV30_315bus,LV/LV30_315bus/Loads.dss,204,1116,0,0,1
ld1418_load_a,b872,1,LV25_232bus,LV/LV25_232bus/Loads.dss,10,199,1,1,1
ld141_load_a,b2559,1,LV12_248bus,LV/LV12_248bus/Loads.dss,36,363,1,1,1
ld1420_load_a,b2667,1,LV11_216bus,LV/LV11_216bus/Loads.dss,242,995,0,0,1
ld1439_load_b,b93,2,LV11_216bus,LV/LV11_216bus/Loads.dss,49,57,1,1,1
ld1440_load_a,b283,1,LV24_246bus,LV/LV24_246bus/Loads.dss,290,542,0,1,1
ld1441_load_b,b2164,2,LV32_100bus,LV/LV32_100bus/Loads.dss,174,22,1,1,1
ld1443_load_b,b2383,2,LV24_246bus,LV/LV24_246bus/Loads.dss,292,503,0,1,1
ld1446_load_c,b260,3,LV3_55bus,LV/LV3_55bus/Loads.dss,104,625,0,1,1
ld1447_load_b,b780,2,LV17_279bus,LV/LV17_279bus/Loads.dss,45,599,0,1,1
ld1449_load_a,b82,1,LV30_315bus,LV/LV30_315bus/Loads.dss,271,389,1,1,1
ld145_load_a,b1280,1,LV24_246bus,LV/LV24_246bus/Loads.dss,229,28,1,1,1
ld1462_load_a,b1318,1,LV26_205bus,LV/LV26_205bus/Loads.dss,165,984,0,0,1
ld1469_load_c,b2915,3,LV11_216bus,LV/LV11_216bus/Loads.dss,159,439,0,1,1
ld1477_load_c,b2130,3,LV24_246bus,LV/LV24_246bus/Loads.dss,251,1109,0,0,1
ld1479_load_b,b812,2,LV30_315bus,LV/LV30_315bus/Loads.dss,201,145,1,1,1
ld1480_load_c,b1144,3,LV30_315bus,LV/LV30_315bus/Loads.dss,217,956,0,0,1
ld1482_load_b,b2936,2,LV25_232bus,LV/LV25_232bus/Loads.dss,154,1112,0,0,1
ld1484_load_c,b2245,3,LV17_279bus,LV/LV17_279bus/Loads.dss,17,1224,0,0,1
ld1485_load_a,b85,1,LV24_246bus,LV/LV24_246bus/Loads.dss,291,325,1,1,1
ld1489_load_b,b1755,2,LV12_248bus,LV/LV12_248bus/Loads.dss,190,472,0,1,1
ld1491_load_b,b279,2,LV24_246bus,LV/LV24_246bus/Loads.dss,257,710,0,0,1
ld1492_load_c,b2219,3,LV12_248bus,LV/LV12_248bus/Loads.dss,81,20,1,1,1
ld1494_load_c,b2343,3,LV24_246bus,LV/LV24_246bus/Loads.dss,249,299,1,1,1
ld1495_load_c,b2296,3,LV25_232bus,LV/LV25_232bus/Loads.dss,236,241,1,1,1
ld1496_load_a,b3306,1,LV30_315bus,LV/LV30_315bus/Loads.dss,164,336,1,1,1
ld1500_load_a,b2166,1,LV17_279bus,LV/LV17_279bus/Loads.dss,18,589,0,1,1
ld1508_load_b,b2557,2,LV17_279bus,LV/LV17_279bus/Loads.dss,87,1039,0,0,1
ld150_load_a,b2893,1,LV30_315bus,LV/LV30_315bus/Loads.dss,146,738,0,0,1
ld1511_load_b,b1039,2,LV30_315bus,LV/LV30_315bus/Loads.dss,47,912,0,0,1
ld1512_load_a,b677,1,LV25_232bus,LV/LV25_232bus/Loads.dss,155,458,0,1,1
ld1513_load_a,b1187,1,LV11_216bus,LV/LV11_216bus/Loads.dss,218,807,0,0,1
ld1519_load_b,b2103,2,LV26_205bus,LV/LV26_205bus/Loads.dss,128,141,1,1,1
ld1522_load_b,b1076,2,LV11_216bus,LV/LV11_216bus/Loads.dss,35,1174,0,0,1
ld1523_load_c,b2186,3,LV11_216bus,LV/LV11_216bus/Loads.dss,161,1002,0,0,1
ld152_load_a,b2212,1,LV26_205bus,LV/LV26_205bus/Loads.dss,110,1036,0,0,1
ld1530_load_a,b68,1,LV11_216bus,LV/LV11_216bus/Loads.dss,277,887,0,0,1
ld1537_load_b,b1165,2,LV25_232bus,LV/LV25_232bus/Loads.dss,38,938,0,0,1
ld153_load_b,b2182,2,LV17_279bus,LV/LV17_279bus/Loads.dss,75,407,1,1,1
ld1540_load_b,b1683,2,LV20_26bus,LV/LV20_26bus/Loads.dss,62,1239,0,0,1
ld1543_load_b,b1167,2,LV11_216bus,LV/LV11_216bus/Loads.dss,236,61,1,1,1
ld1544_load_a,b1051,1,LV24_246bus,LV/LV24_246bus/Loads.dss,196,845,0,0,1
ld1545_load_c,b2659,3,LV10_223bus,LV/LV10_223bus/Loads.dss,194,604,0,1,1
ld1548_load_a,b1475,1,LV9_258bus,LV/LV9_258bus/Loads.dss,66,752,0,0,1
ld1549_load_c,b2692,3,LV11_216bus,LV/LV11_216bus/Loads.dss,152,730,0,0,1
ld1552_load_c,b2541,3,LV29_90bus,LV/LV29_90bus/Loads.dss,104,101,1,1,1
ld1553_load_a,b816,1,LV13_58bus,LV/LV13_58bus/Loads.dss,169,993,0,0,1
ld1554_load_c,b2513,3,LV26_205bus,LV/LV26_205bus/Loads.dss,259,376,1,1,1
ld1555_load_a,b1213,1,LV10_223bus,LV/LV10_223bus/Loads.dss,14,510,0,1,1
ld1559_load_c,b3006,3,LV30_315bus,LV/LV30_315bus/Loads.dss,75,1010,0,0,1
ld1561_load_a,b3173,1,LV30_315bus,LV/LV30_315bus/Loads.dss,127,557,0,1,1
ld1567_load_b,b757,2,LV24_246bus,LV/LV24_246bus/Loads.dss,178,989,0,0,1
ld1568_load_a,b2602,1,LV11_216bus,LV/LV11_216bus/Loads.dss,12,72,1,1,1
ld1569_load_a,b347,1,LV29_90bus,LV/LV29_90bus/Loads.dss,162,374,1,1,1
ld1571_load_c,b624,3,LV25_232bus,LV/LV25_232bus/Loads.dss,116,91,1,1,1
ld1577_load_c,b630,3,LV24_246bus,LV/LV24_246bus/Loads.dss,80,135,1,1,1
ld157_load_a,b1441,1,LV25_232bus,LV/LV25_232bus/Loads.dss,293,1238,0,0,1
ld1583_load_b,b458,2,LV15_137bus,LV/LV15_137bus/Loads.dss,112,1175,0,0,1
ld1584_load_a,b2046,1,LV25_232bus,LV/LV25_232bus/Loads.dss,148,1007,0,0,1
ld1588_load_a,b3251,1,LV26_205bus,LV/LV26_205bus/Loads.dss,162,864,0,0,1
ld1589_load_a,b2716,1,LV12_248bus,LV/LV12_248bus/Loads.dss,55,209,1,1,1
ld158_load_b,b2902,2,LV24_246bus,LV/LV24_246bus/Loads.dss,141,817,0,0,1
ld1592_load_b,b2082,2,LV12_248bus,LV/LV12_248bus/Loads.dss,135,478,0,1,1
ld1595_load_b,b1457,2,LV26_205bus,LV/LV26_205bus/Loads.dss,30,268,1,1,1
ld159_load_b,b11,2,LV30_315bus,LV/LV30_315bus/Loads.dss,272,788,0,0,1
ld1603_load_b,b1,2,LV30_315bus,LV/LV30_315bus/Loads.dss,144,81,1,1,1
ld1604_load_a,b2889,1,LV24_246bus,LV/LV24_246bus/Loads.dss,228,1000,0,0,1
ld1607_load_c,b1108,3,LV30_315bus,LV/LV30_315bus/Loads.dss,152,246,1,1,1
ld160_load_c,b1341,3,LV24_246bus,LV/LV24_246bus/Loads.dss,141,1185,0,0,1
ld1614_load_b,b1739,2,LV24_246bus,LV/LV24_246bus/Loads.dss,96,227,1,1,1
ld1615_load_b,b2831,2,LV31_15bus,LV/LV31_15bus/Loads.dss,109,69,1,1,1
ld1618_load_c,b842,3,LV26_205bus,LV/LV26_205bus/Loads.dss,298,190,1,1,1
ld1620_load_c,b123,3,LV17_279bus,LV/LV17_279bus/Loads.dss,122,1202,0,0,1
ld1622_load_a,b3103,1,LV30_315bus,LV/LV30_315bus/Loads.dss,208,1078,0,0,1
ld1623_load_c,b663,3,LV15_137bus,LV/LV15_137bus/Loads.dss,190,573,0,1,1
ld1625_load_c,b662,3,LV12_248bus,LV/LV12_248bus/Loads.dss,242,608,0,1,1
ld1638_load_b,b3058,2,LV30_315bus,LV/LV30_315bus/Loads.dss,27,1115,0,0,1
ld163_load_c,b2592,3,LV9_258bus,LV/LV9_258bus/Loads.dss,102,666,0,0,1
ld1641_load_b,b2937,2,LV11_216bus,LV/LV11_216bus/Loads.dss,117,231,1,1,1
ld1648_load_b,b847,2,LV9_258bus,LV/LV9_258bus/Loads.dss,103,936,0,0,1
ld1649_load_a,b1494,1,LV17_279bus,LV/LV17_279bus/Loads.dss,247,1068,0,0,1
ld1653_load_b,b2763,2,LV10_223bus,LV/LV10_223bus/Loads.dss,6,396,1,1,1
ld1654_load_c,b2362,3,LV30_315bus,LV/LV30_315bus/Loads.dss,258,33,1,1,1
ld1660_load_a,b3274,1,LV30_315bus,LV/LV30_315bus/Loads.dss,290,1024,0,0,1
ld1667_load_c,b768,3,LV9_258bus,LV/LV9_258bus/Loads.dss,229,467,0,1,1
ld1668_load_a,b605,1,LV3_55bus,LV/LV3_55bus/Loads.dss,123,690,0,0,1
ld1669_load_a,b729,1,LV26_205bus,LV/LV26_205bus/Loads.dss,241,901,0,0,1
ld1673_load_b,b318,2,LV29_90bus,LV/LV29_90bus/Loads.dss,30,1254,0,0,1
ld1678_load_b,b2802,2,LV30_315bus,LV/LV30_315bus/Loads.dss,19,293,1,1,1
ld167_load_c,b438,3,LV30_315bus,LV/LV30_315bus/Loads.dss,45,871,0,0,1
ld1680_load_c,b2946,3,LV10_223bus,LV/LV10_223bus/Loads.dss,237,707,0,0,1
ld1689_load_b,b2136,2,LV17_279bus,LV/LV17_279bus/Loads.dss,233,1067,0,0,1
ld168_load_a,b2249,1,LV9_258bus,LV/LV9_258bus/Loads.dss,245,133,1,1,1
ld1691_load_a,b3051,1,LV9_258bus,LV/LV9_258bus/Loads.dss,90,1104,0,0,1
ld1692_load_c,b3336,3,LV17_279bus,LV/LV17_279bus/Loads.dss,161,549,0,1,1
ld1695_load_b,b1502,2,LV9_258bus,LV/LV9_258bus/Loads.dss,55,850,0,0,1
ld1700_load_c,b695,3,LV9_258bus,LV/LV9_258bus/Loads.dss,258,1190,0,0,1
ld1702_load_c,b2960,3,LV11_216bus,LV/LV11_216bus/Loads.dss,220,671,0,0,1
ld1704_load_a,b1608,1,LV12_248bus,LV/LV12_248bus/Loads.dss,14,734,0,0,1
ld1707_load_c,b1354,3,LV30_315bus,LV/LV30_315bus/Loads.dss,73,203,1,1,1
ld1708_load_b,b2969,2,LV25_232bus,LV/LV25_232bus/Loads.dss,6,1107,0,0,1
ld1710_load_c,b1559,3,LV25_232bus,LV/LV25_232bus/Loads.dss,149,417,1,1,1
ld1714_load_a,b92,1,LV10_223bus,LV/LV10_223bus/Loads.dss,203,1053,0,0,1
ld1715_load_a,b977,1,LV11_216bus,LV/LV11_216bus/Loads.dss,198,358,1,1,1
ld1717_load_c,b1415,3,LV24_246bus,LV/LV24_246bus/Loads.dss,241,813,0,0,1
ld1719_load_b,b524,2,LV12_248bus,LV/LV12_248bus/Loads.dss,206,687,0,0,1
ld1720_load_a,b2760,1,LV15_137bus,LV/LV15_137bus/Loads.dss,45,795,0,0,1
ld1722_load_a,b3195,1,LV25_232bus,LV/LV25_232bus/Loads.dss,146,551,0,1,1
ld1724_load_c,b2909,3,LV12_248bus,LV/LV12_248bus/Loads.dss,45,212,1,1,1
ld1728_load_a,b1015,1,LV9_258bus,LV/LV9_258bus/Loads.dss,189,857,0,0,1
ld1730_load_a,b2990,1,LV30_315bus,LV/LV30_315bus/Loads.dss,53,925,0,0,1
ld1735_load_b,b1266,2,LV25_232bus,LV/LV25_232bus/Loads.dss,172,749,0,0,1
ld1736_load_c,b465,3,LV25_232bus,LV/LV25_232bus/Loads.dss,210,530,0,1,1
ld1737_load_a,b1105,1,LV25_232bus,LV/LV25_232bus/Loads.dss,82,1211,0,0,1
ld1740_load_a,b38,1,LV17_279bus,LV/LV17_279bus/Loads.dss,23,55,1,1,1
ld1741_load_b,b2719,2,LV17_279bus,LV/LV17_279bus/Loads.dss,149,731,0,0,1
ld1742_load_a,b2027,1,LV24_246bus,LV/LV24_246bus/Loads.dss,33,620,0,1,1
ld174_load_c,b1814,3,LV11_216bus,LV/LV11_216bus/Loads.dss,185,93,1,1,1
ld1754_load_c,b826,3,LV17_279bus,LV/LV17_279bus/Loads.dss,199,127,1,1,1
ld175_load_b,b2696,2,LV29_90bus,LV/LV29_90bus/Loads.dss,282,1017,0,0,1
ld1760_load_c,b1742,3,LV29_90bus,LV/LV29_90bus/Loads.dss,156,15,1,1,1
ld1765_load_a,b78,1,LV17_279bus,LV/LV17_279bus/Loads.dss,242,991,0,0,1
ld1766_load_b,b1918,2,LV11_216bus,LV/LV11_216bus/Loads.dss,295,1001,0,0,1
ld1768_load_b,b2453,2,LV25_232bus,LV/LV25_232bus/Loads.dss,34,570,0,1,1
ld1772_load_b,b3092,2,LV26_205bus,LV/LV26_205bus/Loads.dss,52,195,1,1,1
ld1778_load_b,b3113,2,LV24_246bus,LV/LV24_246bus/Loads.dss,5,1234,0,0,1
ld1780_load_c,b2681,3,LV11_216bus,LV/LV11_216bus/Loads.dss,145,224,1,1,1
ld1783_load_a,b3105,1,LV11_216bus,LV/LV11_216bus/Loads.dss,81,1096,0,0,1
ld1784_load_b,b3243,2,LV17_279bus,LV/LV17_279bus/Loads.dss,41,232,1,1,1
ld17_load_a,b2687,1,LV25_232bus,LV/LV25_232bus/Loads.dss,111,40,1,1,1
ld1802_load_b,b257,2,LV9_258bus,LV/LV9_258bus/Loads.dss,48,424,0,1,1
ld1804_load_a,b1304,1,LV5_14bus,LV/LV5_14bus/Loads.dss,23,477,0,1,1
ld1807_load_b,b2016,2,LV10_223bus,LV/LV10_223bus/Loads.dss,133,132,1,1,1
ld180_load_b,b2264,2,LV25_232bus,LV/LV25_232bus/Loads.dss,246,954,0,0,1
ld1811_load_b,b1064,2,LV11_216bus,LV/LV11_216bus/Loads.dss,167,756,0,0,1
ld1812_load_c,b1988,3,LV9_258bus,LV/LV9_258bus/Loads.dss,147,21,1,1,1
ld1813_load_c,b1402,3,LV25_232bus,LV/LV25_232bus/Loads.dss,199,853,0,0,1
ld1824_load_c,b1972,3,LV17_279bus,LV/LV17_279bus/Loads.dss,13,77,1,1,1
ld182_load_b,b2872,2,LV9_258bus,LV/LV9_258bus/Loads.dss,273,137,1,1,1
ld1844_load_c,b292,3,LV10_223bus,LV/LV10_223bus/Loads.dss,218,327,1,1,1
ld1847_load_c,b2367,3,LV24_246bus,LV/LV24_246bus/Loads.dss,192,1072,0,0,1
ld184_load_b,b1169,2,LV26_205bus,LV/LV26_205bus/Loads.dss,146,470,0,1,1
ld1853_load_a,b999,1,LV25_232bus,LV/LV25_232bus/Loads.dss,166,479,0,1,1
ld1856_load_a,b1527,1,LV17_279bus,LV/LV17_279bus/Loads.dss,242,131,1,1,1
ld1857_load_c,b1712,3,LV11_216bus,LV/LV11_216bus/Loads.dss,93,318,1,1,1
ld1859_load_a,b423,1,LV24_246bus,LV/LV24_246bus/Loads.dss,275,683,0,0,1
ld1861_load_a,b2668,1,LV12_248bus,LV/LV12_248bus/Loads.dss,136,960,0,0,1
ld1867_load_a,b3140,1,LV10_223bus,LV/LV10_223bus/Loads.dss,55,255,1,1,1
ld1874_load_b,b1798,2,LV10_223bus,LV/LV10_223bus/Loads.dss,217,129,1,1,1
ld187_load_b,b2828,2,LV12_248bus,LV/LV12_248bus/Loads.dss,151,872,0,0,1
ld1881_load_b,b3174,2,LV25_232bus,LV/LV25_232bus/Loads.dss,83,489,0,1,1
ld1888_load_c,b501,3,LV26_205bus,LV/LV26_205bus/Loads.dss,118,155,1,1,1
ld1891_load_a,b469,1,LV11_216bus,LV/LV11_216bus/Loads.dss,182,146,1,1,1
ld1893_load_b,b1706,2,LV12_248bus,LV/LV12_248bus/Loads.dss,105,718,0,0,1
ld1894_load_a,b3137,1,LV26_205bus,LV/LV26_205bus/Loads.dss,204,1163,0,0,1
ld1895_load_b,b1804,2,LV3_55bus,LV/LV3_55bus/Loads.dss,220,355,1,1,1
ld1897_load_c,b225,3,LV25_232bus,LV/LV25_232bus/Loads.dss,94,777,0,0,1
ld1898_load_b,b2514,2,LV30_315bus,LV/LV30_315bus/Loads.dss,111,958,0,0,1
ld18_load_a,b108,1,LV17_279bus,LV/LV17_279bus/Loads.dss,54,1165,0,0,1
ld1903_load_a,b2044,1,LV29_90bus,LV/LV29_90bus/Loads.dss,265,939,0,0,1
ld1913_load_a,b523,1,LV25_232bus,LV/LV25_232bus/Loads.dss,235,497,0,1,1
ld1915_load_b,b2588,2,LV25_232bus,LV/LV25_232bus/Loads.dss,54,536,0,1,1
ld1920_load_c,b2394,3,LV10_223bus,LV/LV10_223bus/Loads.dss,147,1139,0,0,1
ld1927_load_a,b2950,1,LV10_223bus,LV/LV10_223bus/Loads.dss,189,381,1,1,1
ld1932_load_a,b2810,1,LV9_258bus,LV/LV9_258bus/Loads.dss,43,1038,0,0,1
ld1935_load_b,b1664,2,LV11_216bus,LV/LV11_216bus/Loads.dss,183,685,0,0,1
ld1943_load_c,b1601,3,LV30_315bus,LV/LV30_315bus/Loads.dss,7,751,0,0,1
ld1945_load_a,b1773,1,LV30_315bus,LV/LV30_315bus/Loads.dss,153,249,1,1,1
ld1946_load_c,b231,3,LV25_232bus,LV/LV25_232bus/Loads.dss,4,344,1,1,1
ld194_load_c,b1795,3,LV25_232bus,LV/LV25_232bus/Loads.dss,295,118,1,1,1
ld1951_load_c,b3263,3,LV22_80bus,LV/LV22_80bus/Loads.dss,164,636,0,0,1
ld1953_load_b,b147,2,LV30_315bus,LV/LV30_315bus/Loads.dss,263,1085,0,0,1
ld1958_load_b,b1725,2,LV9_258bus,LV/LV9_258bus/Loads.dss,83,1130,0,0,1
ld1959_load_b,b970,2,LV17_279bus,LV/LV17_279bus/Loads.dss,52,679,0,0,1
ld1960_load_b,b376,2,LV24_246bus,LV/LV24_246bus/Loads.dss,61,85,1,1,1
ld1961_load_b,b2311,2,LV15_137bus,LV/LV15_137bus/Loads.dss,43,863,0,0,1
ld1970_load_c,b2492,3,LV3_55bus,LV/LV3_55bus/Loads.dss,22,558,0,1,1
ld1971_load_c,b1816,3,LV20_26bus,LV/LV20_26bus/Loads.dss,148,505,0,1,1
ld1973_load_c,b1994,3,LV30_315bus,LV/LV30_315bus/Loads.dss,24,983,0,0,1
ld1982_load_b,b1951,2,LV10_223bus,LV/LV10_223bus/Loads.dss,30,165,1,1,1
ld1983_load_c,b1675,3,LV15_137bus,LV/LV15_137bus/Loads.dss,17,1232,0,0,1
ld1985_load_c,b929,3,LV12_248bus,LV/LV12_248bus/Loads.dss,273,639,0,0,1
ld198_load_b,b793,2,LV22_80bus,LV/LV22_80bus/Loads.dss,7,124,1,1,1
ld1993_load_a,b522,1,LV30_315bus,LV/LV30_315bus/Loads.dss,264,681,0,0,1
ld1994_load_c,b2100,3,LV24_246bus,LV/LV24_246bus/Loads.dss,213,821,0,0,1
ld1996_load_a,b629,1,LV12_248bus,LV/LV12_248bus/Loads.dss,282,739,0,0,1
ld2001_load_b,b1658,2,LV26_205bus,LV/LV26_205bus/Loads.dss,233,1180,0,0,1
ld2006_load_c,b3308,3,LV26_205bus,LV/LV26_205bus/Loads.dss,80,942,0,0,1
ld2010_load_c,b280,3,LV32_100bus,LV/LV32_100bus/Loads.dss,3,183,1,1,1
ld2011_load_b,b1859,2,LV30_315bus,LV/LV30_315bus/Loads.dss,138,778,0,0,1
ld2016_load_c,b413,3,LV17_279bus,LV/LV17_279bus/Loads.dss,72,237,1,1,1
ld201_load_c,b1657,3,LV10_223bus,LV/LV10_223bus/Loads.dss,225,700,0,0,1
ld2023_load_a,b1208,1,LV26_205bus,LV/LV26_205bus/Loads.dss,50,90,1,1,1
ld2038_load_c,b2891,3,LV9_258bus,LV/LV9_258bus/Loads.dss,65,1118,0,0,1
ld203_load_a,b1043,1,LV10_223bus,LV/LV10_223bus/Loads.dss,85,1014,0,0,1
ld2041_load_a,b1222,1,LV25_232bus,LV/LV25_232bus/Loads.dss,230,1245,0,0,1
ld2048_load_b,b1999,2,LV12_248bus,LV/LV12_248bus/Loads.dss,60,741,0,0,1
ld2050_load_a,b1821,1,LV3_55bus,LV/LV3_55bus/Loads.dss,250,1243,0,0,1
ld2056_load_c,b1979,3,LV10_223bus,LV/LV10_223bus/Loads.dss,250,1158,0,0,1
ld2057_load_c,b675,3,LV11_216bus,LV/LV11_216bus/Loads.dss,151,156,1,1,1
ld2058_load_b,b808,2,LV29_90bus,LV/LV29_90bus/Loads.dss,100,420,0,1,1
ld2061_load_a,b1447,1,LV11_216bus,LV/LV11_216bus/Loads.dss,214,560,0,1,1
ld2067_load_a,b646,1,LV10_223bus,LV/LV10_223bus/Loads.dss,278,846,0,0,1
ld2070_load_b,b1028,2,LV2_43bus,LV/LV2_43bus/Loads.dss,77,742,0,0,1
ld2075_load_b,b1948,2,LV10_223bus,LV/LV10_223bus/Loads.dss,182,543,0,1,1
ld2088_load_b,b1092,2,LV25_232bus,LV/LV25_232bus/Loads.dss,133,1214,0,0,1
ld2092_load_c,b1850,3,LV30_315bus,LV/LV30_315bus/Loads.dss,262,201,1,1,1
ld2096_load_a,b303,1,LV30_315bus,LV/LV30_315bus/Loads.dss,1,650,0,0,1
ld2097_load_a,b1974,1,LV24_246bus,LV/LV24_246bus/Loads.dss,139,453,0,1,1
ld2108_load_c,b1019,3,LV12_248bus,LV/LV12_248bus/Loads.dss,68,831,0,0,1
ld2110_load_c,b2637,3,LV10_223bus,LV/LV10_223bus/Loads.dss,98,1114,0,0,1
ld2113_load_a,b3223,1,LV15_137bus,LV/LV15_137bus/Loads.dss,292,1093,0,0,1
ld2117_load_b,b3017,2,LV11_216bus,LV/LV11_216bus/Loads.dss,84,541,0,1,1
ld2118_load_b,b601,2,LV15_137bus,LV/LV15_137bus/Loads.dss,22,802,0,0,1
ld2121_load_a,b1707,1,LV17_279bus,LV/LV17_279bus/Loads.dss,254,1164,0,0,1
ld2125_load_b,b1100,2,LV24_246bus,LV/LV24_246bus/Loads.dss,198,1071,0,0,1
ld2130_load_c,b1940,3,LV24_246bus,LV/LV24_246bus/Loads.dss,10,274,1,1,1
ld2138_load_b,b2309,2,LV30_315bus,LV/LV30_315bus/Loads.dss,20,582,0,1,1
ld2139_load_c,b846,3,LV30_315bus,LV/LV30_315bus/Loads.dss,267,588,0,1,1
ld2144_load_a,b1097,1,LV9_258bus,LV/LV9_258bus/Loads.dss,184,262,1,1,1
ld2146_load_c,b400,3,LV25_232bus,LV/LV25_232bus/Loads.dss,37,1176,0,0,1
ld2148_load_a,b1184,1,LV12_248bus,LV/LV12_248bus/Loads.dss,3,1090,0,0,1
ld2156_load_b,b527,2,LV17_279bus,LV/LV17_279bus/Loads.dss,2,266,1,1,1
ld2158_load_b,b1809,2,LV12_248bus,LV/LV12_248bus/Loads.dss,295,1191,0,0,1
ld2159_load_c,b1398,3,LV12_248bus,LV/LV12_248bus/Loads.dss,239,345,1,1,1
ld2161_load_a,b2599,1,LV24_246bus,LV/LV24_246bus/Loads.dss,255,1050,0,0,1
ld2163_load_c,b2896,3,LV11_216bus,LV/LV11_216bus/Loads.dss,21,1203,0,0,1
ld2164_load_c,b2968,3,LV17_279bus,LV/LV17_279bus/Loads.dss,189,456,0,1,1
ld2168_load_b,b1718,2,LV9_258bus,LV/LV9_258bus/Loads.dss,251,787,0,0,1
ld2170_load_c,b484,3,LV29_90bus,LV/LV29_90bus/Loads.dss,72,818,0,0,1
ld2172_load_a,b1947,1,LV30_315bus,LV/LV30_315bus/Loads.dss,1,110,1,1,1
ld2179_load_b,b568,2,LV30_315bus,LV/LV30_315bus/Loads.dss,47,693,0,0,1
ld217_load_c,b317,3,LV17_279bus,LV/LV17_279bus/Loads.dss,123,1210,0,0,1
ld2185_load_a,b868,1,LV25_232bus,LV/LV25_232bus/Loads.dss,46,295,1,1,1
ld2186_load_b,b1754,2,LV3_55bus,LV/LV3_55bus/Loads.dss,116,726,0,0,1
ld2189_load_a,b1101,1,LV22_80bus,LV/LV22_80bus/Loads.dss,195,261,1,1,1
ld2192_load_c,b2323,3,LV30_315bus,LV/LV30_315bus/Loads.dss,151,316,1,1,1
ld2195_load_a,b3278,1,LV12_248bus,LV/LV12_248bus/Loads.dss,34,267,1,1,1
ld219_load_a,b1965,1,LV25_232bus,LV/LV25_232bus/Loads.dss,286,753,0,0,1
ld2201_load_a,b1570,1,LV30_315bus,LV/LV30_315bus/Loads.dss,205,769,0,0,1
ld2204_load_b,b2572,2,LV26_205bus,LV/LV26_205bus/Loads.dss,193,349,1,1,1
ld2208_load_b,b122,2,LV24_246bus,LV/LV24_246bus/Loads.dss,107,350,1,1,1
ld2210_load_a,b3089,1,LV10_223bus,LV/LV10_223bus/Loads.dss,254,891,0,0,1
ld2212_load_a,b1944,1,LV29_90bus,LV/LV29_90bus/Loads.dss,90,837,0,0,1
ld2214_load_a,b477,1,LV11_216bus,LV/LV11_216bus/Loads.dss,248,502,0,1,1
ld2219_load_c,b661,3,LV24_246bus,LV/LV24_246bus/Loads.dss,292,341,1,1,1
ld2220_load_b,b3262,2,LV10_223bus,LV/LV10_223bus/Loads.dss,179,1133,0,0,1
ld2221_load_c,b2000,3,LV10_223bus,LV/LV10_223bus/Loads.dss,225,120,1,1,1
ld2233_load_a,b2363,1,LV24_246bus,LV/LV24_246bus/Loads.dss,113,578,0,1,1
ld2234_load_a,b2553,1,LV17_279bus,LV/LV17_279bus/Loads.dss,119,398,1,1,1
ld2256_load_c,b1865,3,LV9_258bus,LV/LV9_258bus/Loads.dss,155,691,0,0,1
ld2258_load_b,b2638,2,LV29_90bus,LV/LV29_90bus/Loads.dss,269,14,1,1,1
ld2260_load_b,b1523,2,LV30_315bus,LV/LV30_315bus/Loads.dss,191,914,0,0,1
ld2261_load_b,b2619,2,LV17_279bus,LV/LV17_279bus/Loads.dss,289,1103,0,0,1
ld2270_load_c,b3084,3,LV26_205bus,LV/LV26_205bus/Loads.dss,103,41,1,1,1
ld2273_load_a,b2781,1,LV32_100bus,LV/LV32_100bus/Loads.dss,66,359,1,1,1
ld2274_load_b,b1820,2,LV24_246bus,LV/LV24_246bus/Loads.dss,105,1074,0,0,1
ld2275_load_a,b1632,1,LV9_258bus,LV/LV9_258bus/Loads.dss,114,698,0,0,1
ld2283_load_b,b773,2,LV9_258bus,LV/LV9_258bus/Loads.dss,2,378,1,1,1
ld2284_load_c,b3082,3,LV29_90bus,LV/LV29_90bus/Loads.dss,103,950,0,0,1
ld2292_load_c,b1206,3,LV15_137bus,LV/LV15_137bus/Loads.dss,274,49,1,1,1
ld2294_load_c,b2381,3,LV17_279bus,LV/LV17_279bus/Loads.dss,263,875,0,0,1
ld2299_load_a,b1550,1,LV26_205bus,LV/LV26_205bus/Loads.dss,62,927,0,0,1
ld2300_load_c,b1185,3,LV30_315bus,LV/LV30_315bus/Loads.dss,171,758,0,0,1
ld2302_load_b,b2994,2,LV12_248bus,LV/LV12_248bus/Loads.dss,180,692,0,0,1
ld2304_load_b,b1443,2,LV11_216bus,LV/LV11_216bus/Loads.dss,180,154,1,1,1
ld2307_load_a,b3226,1,LV10_223bus,LV/LV10_223bus/Loads.dss,295,1123,0,0,1
ld2309_load_c,b3357,3,LV12_248bus,LV/LV12_248bus/Loads.dss,23,251,1,1,1
ld2312_load_a,b1983,1,LV12_248bus,LV/LV12_248bus/Loads.dss,92,861,0,0,1
ld2315_load_c,b306,3,LV11_216bus,LV/LV11_216bus/Loads.dss,144,423,0,1,1
ld2316_load_a,b919,1,LV17_279bus,LV/LV17_279bus/Loads.dss,143,619,0,1,1
ld2319_load_b,b3094,2,LV25_232bus,LV/LV25_232bus/Loads.dss,144,855,0,0,1
ld2321_load_b,b1262,2,LV17_279bus,LV/LV17_279bus/Loads.dss,108,1021,0,0,1
ld2322_load_b,b2801,2,LV10_223bus,LV/LV10_223bus/Loads.dss,264,948,0,0,1
ld2325_load_c,b2380,3,LV24_246bus,LV/LV24_246bus/Loads.dss,294,531,0,1,1
ld2326_load_a,b2159,1,LV11_216bus,LV/LV11_216bus/Loads.dss,173,847,0,0,1
ld2329_load_a,b398,1,LV29_90bus,LV/LV29_90bus/Loads.dss,36,800,0,0,1
ld2330_load_a,b1352,1,LV28_25bus,LV/LV28_25bus/Loads.dss,83,445,0,1,1
ld2333_load_c,b2858,3,LV17_279bus,LV/LV17_279bus/Loads.dss,138,780,0,0,1
ld2340_load_a,b857,1,LV17_279bus,LV/LV17_279bus/Loads.dss,151,717,0,0,1
ld2343_load_b,b21,2,LV17_279bus,LV/LV17_279bus/Loads.dss,43,303,1,1,1
ld2344_load_b,b2060,2,LV12_248bus,LV/LV12_248bus/Loads.dss,154,422,0,1,1
ld2345_load_a,b2450,1,LV30_315bus,LV/LV30_315bus/Loads.dss,296,425,0,1,1
ld2346_load_b,b3045,2,LV11_216bus,LV/LV11_216bus/Loads.dss,78,803,0,0,1
ld2347_load_c,b12,3,LV12_248bus,LV/LV12_248bus/Loads.dss,53,447,0,1,1
ld2351_load_c,b2283,3,LV9_258bus,LV/LV9_258bus/Loads.dss,285,856,0,0,1
ld2360_load_b,b37,2,LV26_205bus,LV/LV26_205bus/Loads.dss,129,286,1,1,1
ld2361_load_c,b2587,3,LV26_205bus,LV/LV26_205bus/Loads.dss,280,999,0,0,1
ld2368_load_b,b102,2,LV30_315bus,LV/LV30_315bus/Loads.dss,138,646,0,0,1
ld2369_load_a,b2623,1,LV12_248bus,LV/LV12_248bus/Loads.dss,109,1143,0,0,1
ld2377_load_a,b2790,1,LV24_246bus,LV/LV24_246bus/Loads.dss,239,696,0,0,1
ld2379_load_c,b2649,3,LV17_279bus,LV/LV17_279bus/Loads.dss,130,217,1,1,1
ld2383_load_a,b196,1,LV26_205bus,LV/LV26_205bus/Loads.dss,182,656,0,0,1
ld2389_load_b,b1654,2,LV24_246bus,LV/LV24_246bus/Loads.dss,276,870,0,0,1
ld238_load_a,b593,1,LV17_279bus,LV/LV17_279bus/Loads.dss,277,480,0,1,1
ld2391_load_c,b420,3,LV10_223bus,LV/LV10_223bus/Loads.dss,260,897,0,0,1
ld2393_load_a,b792,1,LV9_258bus,LV/LV9_258bus/Loads.dss,57,843,0,0,1
ld2396_load_c,b2401,3,LV30_315bus,LV/LV30_315bus/Loads.dss,249,724,0,0,1
ld2398_load_a,b890,1,LV17_279bus,LV/LV17_279bus/Loads.dss,129,1231,0,0,1
ld2402_load_c,b2878,3,LV25_232bus,LV/LV25_232bus/Loads.dss,32,511,0,1,1
ld2403_load_c,b3009,3,LV24_246bus,LV/LV24_246bus/Loads.dss,162,1061,0,0,1
ld2405_load_a,b583,1,LV10_223bus,LV/LV10_223bus/Loads.dss,174,377,1,1,1
ld2407_load_b,b2631,2,LV26_205bus,LV/LV26_205bus/Loads.dss,164,243,1,1,1
ld2409_load_a,b355,1,LV30_315bus,LV/LV30_315bus/Loads.dss,11,1142,0,0,1
ld2413_load_b,b2321,2,LV9_258bus,LV/LV9_258bus/Loads.dss,223,47,1,1,1
ld2416_load_c,b1237,3,LV9_258bus,LV/LV9_258bus/Loads.dss,247,1102,0,0,1
ld241_load_b,b2736,2,LV25_232bus,LV/LV25_232bus/Loads.dss,255,737,0,0,1
ld2426_load_a,b1200,1,LV9_258bus,LV/LV9_258bus/Loads.dss,176,170,1,1,1
ld2428_load_b,b2006,2,LV9_258bus,LV/LV9_258bus/Loads.dss,245,432,0,1,1
ld2430_load_c,b3067,3,LV26_205bus,LV/LV26_205bus/Loads.dss,92,273,1,1,1
ld2432_load_b,b1026,2,LV12_248bus,LV/LV12_248bus/Loads.dss,106,1119,0,0,1
ld2443_load_a,b659,1,LV25_232bus,LV/LV25_232bus/Loads.dss,191,6,1,1,1
ld244_load_c,b1801,3,LV9_258bus,LV/LV9_258bus/Loads.dss,211,1168,0,0,1
ld2455_load_c,b2971,3,LV12_248bus,LV/LV12_248bus/Loads.dss,132,881,0,0,1
ld2456_load_b,b705,2,LV17_279bus,LV/LV17_279bus/Loads.dss,222,1141,0,0,1
ld2457_load_b,b731,2,LV30_315bus,LV/LV30_315bus/Loads.dss,279,260,1,1,1
ld2459_load_a,b2636,1,LV15_137bus,LV/LV15_137bus/Loads.dss,260,1144,0,0,1
ld2460_load_c,b1294,3,LV17_279bus,LV/LV17_279bus/Loads.dss,82,4,1,1,1
ld2464_load_b,b2970,2,LV29_90bus,LV/LV29_90bus/Loads.dss,20,770,0,0,1
ld2466_load_a,b3134,1,LV12_248bus,LV/LV12_248bus/Loads.dss,159,475,0,1,1
ld2478_load_a,b3326,1,LV26_205bus,LV/LV26_205bus/Loads.dss,38,552,0,1,1
ld2479_load_c,b3032,3,LV11_216bus,LV/LV11_216bus/Loads.dss,197,873,0,0,1
ld2480_load_c,b1254,3,LV2_43bus,LV/LV2_43bus/Loads.dss,65,429,0,1,1
ld2482_load_b,b2996,2,LV26_205bus,LV/LV26_205bus/Loads.dss,153,839,0,0,1
ld2483_load_c,b1813,3,LV30_315bus,LV/LV30_315bus/Loads.dss,67,840,0,0,1
ld2488_load_c,b1557,3,LV9_258bus,LV/LV9_258bus/Loads.dss,237,1015,0,0,1
ld248_load_b,b2560,2,LV3_55bus,LV/LV3_55bus/Loads.dss,209,466,0,1,1
ld2496_load_b,b3252,2,LV12_248bus,LV/LV12_248bus/Loads.dss,76,1242,0,0,1
ld2497_load_a,b2601,1,LV17_279bus,LV/LV17_279bus/Loads.dss,227,982,0,0,1
ld2499_load_a,b2701,1,LV30_315bus,LV/LV30_315bus/Loads.dss,234,276,1,1,1
ld24_load_a,b1044,1,LV3_55bus,LV/LV3_55bus/Loads.dss,22,66,1,1,1
ld2501_load_b,b2451,2,LV30_315bus,LV/LV30_315bus/Loads.dss,149,781,0,0,1
ld2503_load_b,b1715,2,LV25_232bus,LV/LV25_232bus/Loads.dss,63,1122,0,0,1
ld2507_load_c,b1928,3,LV26_205bus,LV/LV26_205bus/Loads.dss,20,215,1,1,1
ld2508_load_b,b1869,2,LV17_279bus,LV/LV17_279bus/Loads.dss,250,1025,0,0,1
ld250_load_c,b862,3,LV29_90bus,LV/LV29_90bus/Loads.dss,63,854,0,0,1
ld2510_load_a,b431,1,LV11_216bus,LV/LV11_216bus/Loads.dss,77,99,1,1,1
ld2512_load_c,b157,3,LV30_315bus,LV/LV30_315bus/Loads.dss,276,178,1,1,1
ld2518_load_c,b2461,3,LV12_248bus,LV/LV12_248bus/Loads.dss,156,46,1,1,1
ld2522_load_c,b1848,3,LV17_279bus,LV/LV17_279bus/Loads.dss,130,390,1,1,1
ld2528_load_b,b1574,2,LV11_216bus,LV/LV11_216bus/Loads.dss,230,1156,0,0,1
ld2529_load_a,b1545,1,LV30_315bus,LV/LV30_315bus/Loads.dss,183,332,1,1,1
ld2536_load_c,b2102,3,LV11_216bus,LV/LV11_216bus/Loads.dss,2,1077,0,0,1
ld2544_load_a,b158,1,LV11_216bus,LV/LV11_216bus/Loads.dss,163,824,0,0,1
ld2547_load_a,b151,1,LV17_279bus,LV/LV17_279bus/Loads.dss,109,842,0,0,1
ld2548_load_c,b3359,3,LV25_232bus,LV/LV25_232bus/Loads.dss,264,393,1,1,1
ld2549_load_a,b79,1,LV12_248bus,LV/LV12_248bus/Loads.dss,24,174,1,1,1
ld2553_load_b,b654,2,LV15_137bus,LV/LV15_137bus/Loads.dss,251,962,0,0,1
ld2565_load_b,b1987,2,LV17_279bus,LV/LV17_279bus/Loads.dss,31,880,0,0,1
ld2567_load_b,b3296,2,LV30_315bus,LV/LV30_315bus/Loads.dss,197,1198,0,0,1
ld2575_load_a,b1287,1,LV25_232bus,LV/LV25_232bus/Loads.dss,270,894,0,0,1
ld2578_load_a,b89,1,LV9_258bus,LV/LV9_258bus/Loads.dss,2,1160,0,0,1
ld2579_load_a,b2058,1,LV24_246bus,LV/LV24_246bus/Loads.dss,4,109,1,1,1
ld2587_load_b,b486,2,LV12_248bus,LV/LV12_248bus/Loads.dss,273,613,0,1,1
ld2593_load_c,b316,3,LV30_315bus,LV/LV30_315bus/Loads.dss,226,949,0,0,1
ld2596_load_a,b2998,1,LV30_315bus,LV/LV30_315bus/Loads.dss,170,446,0,1,1
ld2601_load_c,b1649,3,LV12_248bus,LV/LV12_248bus/Loads.dss,127,514,0,1,1
ld2603_load_a,b1446,1,LV12_248bus,LV/LV12_248bus/Loads.dss,13,951,0,0,1
ld2606_load_b,b133,2,LV12_248bus,LV/LV12_248bus/Loads.dss,143,1172,0,0,1
ld2610_load_a,b1668,1,LV26_205bus,LV/LV26_205bus/Loads.dss,7,86,1,1,1
ld2612_load_c,b295,3,LV12_248bus,LV/LV12_248bus/Loads.dss,176,1040,0,0,1
ld2619_load_b,b2684,2,LV24_246bus,LV/LV24_246bus/Loads.dss,186,883,0,0,1
ld2621_load_b,b2661,2,LV11_216bus,LV/LV11_216bus/Loads.dss,169,660,0,0,1
ld2636_load_b,b2205,2,LV30_315bus,LV/LV30_315bus/Loads.dss,14,932,0,0,1
ld2637_load_c,b2689,3,LV11_216bus,LV/LV11_216bus/Loads.dss,256,247,1,1,1
ld2643_load_b,b3347,2,LV25_232bus,LV/LV25_232bus/Loads.dss,144,606,0,1,1
ld2644_load_c,b3123,3,LV30_315bus,LV/LV30_315bus/Loads.dss,207,623,0,1,1
ld2646_load_a,b3210,1,LV30_315bus,LV/LV30_315bus/Loads.dss,71,716,0,0,1
ld2651_load_b,b2647,2,LV9_258bus,LV/LV9_258bus/Loads.dss,259,142,1,1,1
ld2655_load_c,b2564,3,LV9_258bus,LV/LV9_258bus/Loads.dss,102,408,1,1,1
ld2663_load_a,b1056,1,LV11_216bus,LV/LV11_216bus/Loads.dss,98,387,1,1,1
ld2664_load_c,b2523,3,LV17_279bus,LV/LV17_279bus/Loads.dss,161,1209,0,0,1
ld2665_load_b,b1094,2,LV30_315bus,LV/LV30_315bus/Loads.dss,135,611,0,1,1
ld2668_load_a,b534,1,LV9_258bus,LV/LV9_258bus/Loads.dss,251,105,1,1,1
ld2672_load_c,b2143,3,LV30_315bus,LV/LV30_315bus/Loads.dss,231,672,0,0,1
ld2675_load_c,b53,3,LV24_246bus,LV/LV24_246bus/Loads.dss,207,1135,0,0,1
ld2676_load_a,b3203,1,LV12_248bus,LV/LV12_248bus/Loads.dss,299,1157,0,0,1
ld2678_load_a,b3342,1,LV17_279bus,LV/LV17_279bus/Loads.dss,112,836,0,0,1
ld2679_load_a,b2679,1,LV30_315bus,LV/LV30_315bus/Loads.dss,27,585,0,1,1
ld267_load_a,b336,1,LV8_14bus,LV/LV8_14bus/Loads.dss,48,367,1,1,1
ld2683_load_b,b7,2,LV26_205bus,LV/LV26_205bus/Loads.dss,244,228,1,1,1
ld2690_load_b,b1207,2,LV13_58bus,LV/LV13_58bus/Loads.dss,129,627,0,1,1
ld2695_load_b,b2278,2,LV30_315bus,LV/LV30_315bus/Loads.dss,77,440,0,1,1
ld2699_load_b,b3026,2,LV17_279bus,LV/LV17_279bus/Loads.dss,271,435,0,1,1
ld2700_load_c,b1540,3,LV25_232bus,LV/LV25_232bus/Loads.dss,244,702,0,0,1
ld2701_load_a,b3350,1,LV25_232bus,LV/LV25_232bus/Loads.dss,154,16,1,1,1
ld2705_load_c,b2697,3,LV26_205bus,LV/LV26_205bus/Loads.dss,268,622,0,1,1
ld2706_load_b,b1970,2,LV7_29bus,LV/LV7_29bus/Loads.dss,122,1189,0,0,1
ld2709_load_a,b2823,1,LV24_246bus,LV/LV24_246bus/Loads.dss,269,169,1,1,1
ld2712_load_c,b664,3,LV17_279bus,LV/LV17_279bus/Loads.dss,69,988,0,0,1
ld2713_load_a,b2223,1,LV27_23bus,LV/LV27_23bus/Loads.dss,184,851,0,0,1
ld2716_load_a,b3176,1,LV17_279bus,LV/LV17_279bus/Loads.dss,153,668,0,0,1
ld2718_load_b,b1411,2,LV12_248bus,LV/LV12_248bus/Loads.dss,168,748,0,0,1
ld2719_load_b,b941,2,LV9_258bus,LV/LV9_258bus/Loads.dss,233,122,1,1,1
ld2720_load_b,b3188,2,LV24_246bus,LV/LV24_246bus/Loads.dss,283,342,1,1,1
ld2727_load_b,b813,2,LV25_232bus,LV/LV25_232bus/Loads.dss,66,82,1,1,1
ld2728_load_a,b942,1,LV26_205bus,LV/LV26_205bus/Loads.dss,209,1058,0,0,1
ld2730_load_c,b553,3,LV9_258bus,LV/LV9_258bus/Loads.dss,9,481,0,1,1
ld2738_load_c,b1549,3,LV25_232bus,LV/LV25_232bus/Loads.dss,278,1128,0,0,1
ld2747_load_a,b2764,1,LV9_258bus,LV/LV9_258bus/Loads.dss,247,655,0,0,1
ld274_load_c,b332,3,LV12_248bus,LV/LV12_248bus/Loads.dss,10,869,0,0,1
ld2750_load_b,b1719,2,LV17_279bus,LV/LV17_279bus/Loads.dss,27,221,1,1,1
ld2754_load_c,b2257,3,LV17_279bus,LV/LV17_279bus/Loads.dss,227,357,1,1,1
ld2757_load_c,b1009,3,LV30_315bus,LV/LV30_315bus/Loads.dss,158,546,0,1,1
ld2759_load_a,b2272,1,LV17_279bus,LV/LV17_279bus/Loads.dss,44,172,1,1,1
ld275_load_a,b934,1,LV7_29bus,LV/LV7_29bus/Loads.dss,124,200,1,1,1
ld2760_load_b,b91,2,LV11_216bus,LV/LV11_216bus/Loads.dss,86,1182,0,0,1
ld2762_load_a,b1227,1,LV30_315bus,LV/LV30_315bus/Loads.dss,211,152,1,1,1
ld2766_load_c,b760,3,LV13_58bus,LV/LV13_58bus/Loads.dss,108,392,1,1,1
ld2771_load_a,b799,1,LV25_232bus,LV/LV25_232bus/Loads.dss,87,973,0,0,1
ld2780_load_b,b1129,2,LV30_315bus,LV/LV30_315bus/Loads.dss,113,63,1,1,1
ld2786_load_b,b2789,2,LV9_258bus,LV/LV9_258bus/Loads.dss,246,56,1,1,1
ld278_load_b,b1833,2,LV17_279bus,LV/LV17_279bus/Loads.dss,300,735,0,0,1
ld2798_load_b,b829,2,LV22_80bus,LV/LV22_80bus/Loads.dss,163,409,1,1,1
ld279_load_a,b1728,1,LV32_100bus,LV/LV32_100bus/Loads.dss,64,17,1,1,1
ld2802_load_b,b1826,2,LV25_232bus,LV/LV25_232bus/Loads.dss,85,403,1,1,1
ld2804_load_c,b2443,3,LV3_55bus,LV/LV3_55bus/Loads.dss,37,1033,0,0,1
ld2807_load_b,b2415,2,LV10_223bus,LV/LV10_223bus/Loads.dss,108,1037,0,0,1
ld2810_load_b,b2494,2,LV17_279bus,LV/LV17_279bus/Loads.dss,280,11,1,1,1
ld2812_load_c,b428,3,LV12_248bus,LV/LV12_248bus/Loads.dss,48,996,0,0,1
ld2814_load_c,b1303,3,LV10_223bus,LV/LV10_223bus/Loads.dss,150,1032,0,0,1
ld2818_load_c,b2731,3,LV24_246bus,LV/LV24_246bus/Loads.dss,116,29,1,1,1
ld2820_load_c,b497,3,LV17_279bus,LV/LV17_279bus/Loads.dss,115,498,0,1,1
ld2823_load_a,b3164,1,LV12_248bus,LV/LV12_248bus/Loads.dss,142,310,1,1,1
ld2825_load_a,b1743,1,LV17_279bus,LV/LV17_279bus/Loads.dss,29,50,1,1,1
ld2827_load_a,b1420,1,LV4_36bus,LV/LV4_36bus/Loads.dss,88,1252,0,0,1
ld2829_load_c,b2265,3,LV11_216bus,LV/LV11_216bus/Loads.dss,86,673,0,0,1
ld2834_load_a,b3025,1,LV24_246bus,LV/LV24_246bus/Loads.dss,267,862,0,0,1
ld2837_load_c,b2266,3,LV9_258bus,LV/LV9_258bus/Loads.dss,130,676,0,0,1
ld2841_load_c,b1769,3,LV30_315bus,LV/LV30_315bus/Loads.dss,270,48,1,1,1
ld2842_load_a,b2417,1,LV9_258bus,LV/LV9_258bus/Loads.dss,279,971,0,0,1
ld2847_load_a,b2720,1,LV13_58bus,LV/LV13_58bus/Loads.dss,172,370,1,1,1
ld284_load_a,b251,1,LV13_58bus,LV/LV13_58bus/Loads.dss,125,335,1,1,1
ld2857_load_a,b4,1,LV30_315bus,LV/LV30_315bus/Loads.dss,237,886,0,0,1
ld2858_load_b,b1839,2,LV30_315bus,LV/LV30_315bus/Loads.dss,224,412,1,1,1
ld2864_load_c,b1285,3,LV30_315bus,LV/LV30_315bus/Loads.dss,163,1137,0,0,1
ld286_load_b,b3318,2,LV10_223bus,LV/LV10_223bus/Loads.dss,253,776,0,0,1
ld2880_load_a,b20,1,LV10_223bus,LV/LV10_223bus/Loads.dss,100,198,1,1,1
ld2881_load_b,b2584,2,LV10_223bus,LV/LV10_223bus/Loads.dss,110,257,1,1,1
ld2886_load_b,b2662,2,LV17_279bus,LV/LV17_279bus/Loads.dss,279,419,0,1,1
ld288_load_a,b75,1,LV24_246bus,LV/LV24_246bus/Loads.dss,124,1195,0,0,1
ld2895_load_c,b297,3,LV17_279bus,LV/LV17_279bus/Loads.dss,173,719,0,0,1
ld2903_load_c,b120,3,LV10_223bus,LV/LV10_223bus/Loads.dss,285,964,0,0,1
ld2906_load_b,b2693,2,LV26_205bus,LV/LV26_205bus/Loads.dss,27,581,0,1,1
ld2910_load_c,b2997,3,LV25_232bus,LV/LV25_232bus/Loads.dss,221,495,0,1,1
ld2913_load_c,b69,3,LV26_205bus,LV/LV26_205bus/Loads.dss,211,747,0,0,1
ld2918_load_a,b900,1,LV11_216bus,LV/LV11_216bus/Loads.dss,51,1,1,1,1
ld2926_load_a,b811,1,LV30_315bus,LV/LV30_315bus/Loads.dss,143,754,0,0,1
ld2930_load_a,b379,1,LV17_279bus,LV/LV17_279bus/Loads.dss,131,674,0,0,1
ld2936_load_a,b371,1,LV26_205bus,LV/LV26_205bus/Loads.dss,272,640,0,0,1
ld293_load_a,b2053,1,LV30_315bus,LV/LV30_315bus/Loads.dss,134,1235,0,0,1
ld2942_load_b,b984,2,LV26_205bus,LV/LV26_205bus/Loads.dss,89,1088,0,0,1
ld2943_load_b,b2605,2,LV12_248bus,LV/LV12_248bus/Loads.dss,120,527,0,1,1
ld2948_load_c,b421,3,LV12_248bus,LV/LV12_248bus/Loads.dss,145,790,0,0,1
ld2949_load_a,b3384,1,LV12_248bus,LV/LV12_248bus/Loads.dss,42,426,0,1,1
ld2957_load_c,b2483,3,LV29_90bus,LV/LV29_90bus/Loads.dss,258,952,0,0,1
ld2963_load_b,b517,2,LV24_246bus,LV/LV24_246bus/Loads.dss,192,97,1,1,1
ld2968_load_b,b898,2,LV11_216bus,LV/LV11_216bus/Loads.dss,57,610,0,1,1
ld2979_load_c,b1146,3,LV15_137bus,LV/LV15_137bus/Loads.dss,72,955,0,0,1
ld2981_load_c,b1434,3,LV22_80bus,LV/LV22_80bus/Loads.dss,51,1018,0,0,1
ld2982_load_a,b3002,1,LV2_43bus,LV/LV2_43bus/Loads.dss,28,45,1,1,1
ld2984_load_b,b2530,2,LV9_258bus,LV/LV9_258bus/Loads.dss,274,153,1,1,1
ld2998_load_a,b582,1,LV10_223bus,LV/LV10_223bus/Loads.dss,228,1045,0,0,1
ld3002_load_b,b1228,2,LV10_223bus,LV/LV10_223bus/Loads.dss,82,441,0,1,1
ld3008_load_a,b2924,1,LV15_137bus,LV/LV15_137bus/Loads.dss,98,1170,0,0,1
ld300_load_c,b1466,3,LV17_279bus,LV/LV17_279bus/Loads.dss,199,595,0,1,1
ld3010_load_c,b2723,3,LV9_258bus,LV/LV9_258bus/Loads.dss,236,750,0,0,1
ld3014_load_b,b2843,2,LV12_248bus,LV/LV12_248bus/Loads.dss,97,1132,0,0,1
ld3016_load_c,b1509,3,LV26_205bus,LV/LV26_205bus/Loads.dss,8,762,0,0,1
ld3019_load_a,b1281,1,LV26_205bus,LV/LV26_205bus/Loads.dss,210,317,1,1,1
ld3020_load_a,b55,1,LV25_232bus,LV/LV25_232bus/Loads.dss,201,848,0,0,1
ld3023_load_c,b3404,3,LV12_248bus,LV/LV12_248bus/Loads.dss,255,161,1,1,1
ld3027_load_b,b1605,2,LV30_315bus,LV/LV30_315bus/Loads.dss,36,998,0,0,1
ld3029_load_c,b2419,3,LV11_216bus,LV/LV11_216bus/Loads.dss,46,162,1,1,1
ld3038_load_b,b2191,2,LV25_232bus,LV/LV25_232bus/Loads.dss,18,921,0,0,1
ld3043_load_b,b1071,2,LV32_100bus,LV/LV32_100bus/Loads.dss,296,1108,0,0,1
ld3044_load_b,b3371,2,LV26_205bus,LV/LV26_205bus/Loads.dss,74,563,0,1,1
ld3045_load_c,b1922,3,LV30_315bus,LV/LV30_315bus/Loads.dss,164,723,0,0,1
ld3049_load_c,b1891,3,LV25_232bus,LV/LV25_232bus/Loads.dss,3,108,1,1,1
ld304_load_b,b877,2,LV24_246bus,LV/LV24_246bus/Loads.dss,162,238,1,1,1
ld3061_load_c,b35,3,LV10_223bus,LV/LV10_223bus/Loads.dss,224,1249,0,0,1
ld3069_load_a,b2900,1,LV25_232bus,LV/LV25_232bus/Loads.dss,137,300,1,1,1
ld3072_load_b,b3189,2,LV15_137bus,LV/LV15_137bus/Loads.dss,190,963,0,0,1
ld3073_load_a,b2486,1,LV30_315bus,LV/LV30_315bus/Loads.dss,184,865,0,0,1
ld3081_load_a,b930,1,LV12_248bus,LV/LV12_248bus/Loads.dss,149,83,1,1,1
ld3085_load_a,b1824,1,LV9_258bus,LV/LV9_258bus/Loads.dss,273,25,1,1,1
ld3097_load_b,b1666,2,LV9_258bus,LV/LV9_258bus/Loads.dss,188,427,0,1,1
ld3099_load_b,b3228,2,LV12_248bus,LV/LV12_248bus/Loads.dss,58,204,1,1,1
ld3107_load_b,b2270,2,LV30_315bus,LV/LV30_315bus/Loads.dss,3,720,0,0,1
ld3109_load_a,b2425,1,LV11_216bus,LV/LV11_216bus/Loads.dss,14,333,1,1,1
ld3112_load_c,b1810,3,LV12_248bus,LV/LV12_248bus/Loads.dss,295,115,1,1,1
ld3113_load_c,b3166,3,LV15_137bus,LV/LV15_137bus/Loads.dss,208,365,1,1,1
ld3116_load_a,b1066,1,LV15_137bus,LV/LV15_137bus/Loads.dss,181,323,1,1,1
ld3118_load_a,b1040,1,LV12_248bus,LV/LV12_248bus/Loads.dss,299,1247,0,0,1
ld3124_load_c,b1837,3,LV9_258bus,LV/LV9_258bus/Loads.dss,44,1127,0,0,1
ld3129_load_a,b1403,1,LV10_223bus,LV/LV10_223bus/Loads.dss,193,992,0,0,1
ld312_load_a,b191,1,LV9_258bus,LV/LV9_258bus/Loads.dss,52,797,0,0,1
ld3130_load_c,b1830,3,LV24_246bus,LV/LV24_246bus/Loads.dss,261,816,0,0,1
ld3132_load_a,b2194,1,LV29_90bus,LV/LV29_90bus/Loads.dss,128,328,1,1,1
ld3135_load_a,b2148,1,LV24_246bus,LV/LV24_246bus/Loads.dss,159,561,0,1,1
ld313_load_a,b3179,1,LV16_12bus,LV/LV16_12bus/Loads.dss,175,202,1,1,1
ld3140_load_b,b2905,2,LV12_248bus,LV/LV12_248bus/Loads.dss,296,75,1,1,1
ld3145_load_b,b3208,2,LV24_246bus,LV/LV24_246bus/Loads.dss,284,24,1,1,1
ld3149_load_c,b1484,3,LV12_248bus,LV/LV12_248bus/Loads.dss,100,1192,0,0,1
ld3151_load_b,b2253,2,LV17_279bus,LV/LV17_279bus/Loads.dss,177,782,0,0,1
ld3152_load_a,b3116,1,LV12_248bus,LV/LV12_248bus/Loads.dss,278,774,0,0,1
ld315_load_a,b1072,1,LV17_279bus,LV/LV17_279bus/Loads.dss,248,116,1,1,1
ld3166_load_a,b1710,1,LV22_80bus,LV/LV22_80bus/Loads.dss,61,1146,0,0,1
ld3171_load_c,b2912,3,LV17_279bus,LV/LV17_279bus/Loads.dss,214,1111,0,0,1
ld3172_load_a,b907,1,LV9_258bus,LV/LV9_258bus/Loads.dss,202,504,0,1,1
ld3175_load_c,b2101,3,LV30_315bus,LV/LV30_315bus/Loads.dss,253,908,0,0,1
ld3176_load_b,b2908,2,LV10_223bus,LV/LV10_223bus/Loads.dss,126,1029,0,0,1
ld3178_load_b,b125,2,LV2_43bus,LV/LV2_43bus/Loads.dss,87,104,1,1,1
ld317_load_a,b2829,1,LV11_216bus,LV/LV11_216bus/Loads.dss,8,945,0,0,1
ld3180_load_c,b1789,3,LV7_29bus,LV/LV7_29bus/Loads.dss,244,1161,0,0,1
ld3190_load_b,b237,2,LV9_258bus,LV/LV9_258bus/Loads.dss,219,329,1,1,1
ld3191_load_c,b110,3,LV26_205bus,LV/LV26_205bus/Loads.dss,136,535,0,1,1
ld3196_load_b,b2332,2,LV12_248bus,LV/LV12_248bus/Loads.dss,174,459,0,1,1
ld3198_load_a,b2987,1,LV30_315bus,LV/LV30_315bus/Loads.dss,152,1173,0,0,1
ld3199_load_c,b1525,3,LV24_246bus,LV/LV24_246bus/Loads.dss,243,35,1,1,1
ld3200_load_a,b3052,1,LV24_246bus,LV/LV24_246bus/Loads.dss,221,1120,0,0,1
ld3201_load_b,b1583,2,LV30_315bus,LV/LV30_315bus/Loads.dss,280,375,1,1,1
ld3205_load_c,b944,3,LV30_315bus,LV/LV30_315bus/Loads.dss,49,516,0,1,1
ld320_load_a,b2242,1,LV2_43bus,LV/LV2_43bus/Loads.dss,82,311,1,1,1
ld3213_load_a,b687,1,LV17_279bus,LV/LV17_279bus/Loads.dss,224,533,0,1,1
ld3217_load_a,b575,1,LV30_315bus,LV/LV30_315bus/Loads.dss,145,463,0,1,1
ld3218_load_c,b492,3,LV12_248bus,LV/LV12_248bus/Loads.dss,163,876,0,0,1
ld321_load_c,b1571,3,LV25_232bus,LV/LV25_232bus/Loads.dss,136,583,0,1,1
ld3220_load_a,b2180,1,LV26_205bus,LV/LV26_205bus/Loads.dss,105,296,1,1,1
ld3221_load_b,b513,2,LV17_279bus,LV/LV17_279bus/Loads.dss,265,73,1,1,1
ld3224_load_c,b2233,3,LV10_223bus,LV/LV10_223bus/Loads.dss,299,107,1,1,1
ld3225_load_b,b266,2,LV28_25bus,LV/LV28_25bus/Loads.dss,177,618,0,1,1
ld3234_load_b,b1708,2,LV11_216bus,LV/LV11_216bus/Loads.dss,6,1230,0,0,1
ld3236_load_c,b1241,3,LV17_279bus,LV/LV17_279bus/Loads.dss,99,290,1,1,1
ld3237_load_a,b540,1,LV17_279bus,LV/LV17_279bus/Loads.dss,241,216,1,1,1
ld3239_load_c,b1577,3,LV11_216bus,LV/LV11_216bus/Loads.dss,215,347,1,1,1
ld3250_load_b,b22,2,LV24_246bus,LV/LV24_246bus/Loads.dss,215,793,0,0,1
ld3251_load_b,b39,2,LV26_205bus,LV/LV26_205bus/Loads.dss,19,1044,0,0,1
ld3264_load_b,b947,2,LV22_80bus,LV/LV22_80bus/Loads.dss,108,76,1,1,1
ld3266_load_b,b360,2,LV30_315bus,LV/LV30_315bus/Loads.dss,293,301,1,1,1
ld3273_load_b,b1782,2,LV17_279bus,LV/LV17_279bus/Loads.dss,180,1031,0,0,1
ld3274_load_c,b235,3,LV17_279bus,LV/LV17_279bus/Loads.dss,142,506,0,1,1
ld3275_load_b,b2567,2,LV15_137bus,LV/LV15_137bus/Loads.dss,117,433,0,1,1
ld3276_load_c,b2163,3,LV30_315bus,LV/LV30_315bus/Loads.dss,277,44,1,1,1
ld3277_load_a,b1310,1,LV30_315bus,LV/LV30_315bus/Loads.dss,155,1186,0,0,1
ld3278_load_a,b430,1,LV11_216bus,LV/LV11_216bus/Loads.dss,76,383,1,1,1
ld3280_load_a,b1737,1,LV12_248bus,LV/LV12_248bus/Loads.dss,39,1194,0,0,1
ld3281_load_b,b1741,2,LV30_315bus,LV/LV30_315bus/Loads.dss,29,663,0,0,1
ld3282_load_b,b556,2,LV25_232bus,LV/LV25_232bus/Loads.dss,237,88,1,1,1
ld3283_load_a,b1954,1,LV10_223bus,LV/LV10_223bus/Loads.dss,80,1228,0,0,1
ld3288_load_b,b2051,2,LV12_248bus,LV/LV12_248bus/Loads.dss,286,168,1,1,1
ld328_load_a,b3388,1,LV25_232bus,LV/LV25_232bus/Loads.dss,62,1205,0,0,1
ld3291_load_b,b3194,2,LV11_216bus,LV/LV11_216bus/Loads.dss,228,1012,0,0,1
ld3292_load_c,b2126,3,LV11_216bus,LV/LV11_216bus/Loads.dss,5,106,1,1,1
ld3297_load_c,b2962,3,LV12_248bus,LV/LV12_248bus/Loads.dss,73,1131,0,0,1
ld3299_load_c,b109,3,LV15_137bus,LV/LV15_137bus/Loads.dss,133,669,0,0,1
ld3306_load_c,b717,3,LV26_205bus,LV/LV26_205bus/Loads.dss,26,1056,0,0,1
ld3310_load_a,b473,1,LV17_279bus,LV/LV17_279bus/Loads.dss,188,213,1,1,1
ld3313_load_a,b3230,1,LV1_14bus,LV/LV1_14bus/Loads.dss,160,972,0,0,1
ld3314_load_b,b1307,2,LV29_90bus,LV/LV29_90bus/Loads.dss,256,926,0,0,1
ld3316_load_c,b3345,3,LV24_246bus,LV/LV24_246bus/Loads.dss,115,78,1,1,1
ld3319_load_b,b544,2,LV17_279bus,LV/LV17_279bus/Loads.dss,202,103,1,1,1
ld331_load_c,b1455,3,LV26_205bus,LV/LV26_205bus/Loads.dss,128,624,0,1,1
ld3327_load_c,b3234,3,LV30_315bus,LV/LV30_315bus/Loads.dss,39,306,1,1,1
ld3330_load_a,b1682,1,LV30_315bus,LV/LV30_315bus/Loads.dss,209,280,1,1,1
ld3338_load_a,b3237,1,LV12_248bus,LV/LV12_248bus/Loads.dss,58,499,0,1,1
ld3343_load_b,b3162,2,LV12_248bus,LV/LV12_248bus/Loads.dss,168,852,0,0,1
ld3346_load_a,b1236,1,LV26_205bus,LV/LV26_205bus/Loads.dss,286,805,0,0,1
ld3353_load_c,b1321,3,LV12_248bus,LV/LV12_248bus/Loads.dss,226,148,1,1,1
ld3357_load_b,b1831,2,LV26_205bus,LV/LV26_205bus/Loads.dss,260,1197,0,0,1
ld335_load_a,b2594,1,LV20_26bus,LV/LV20_26bus/Loads.dss,39,784,0,0,1
ld3369_load_a,b3155,1,LV24_246bus,LV/LV24_246bus/Loads.dss,287,920,0,0,1
ld3372_load_c,b62,3,LV25_232bus,LV/LV25_232bus/Loads.dss,258,1098,0,0,1
ld3381_load_b,b1883,2,LV24_246bus,LV/LV24_246bus/Loads.dss,187,31,1,1,1
ld3384_load_c,b3386,3,LV17_279bus,LV/LV17_279bus/Loads.dss,159,87,1,1,1
ld3385_load_a,b949,1,LV15_137bus,LV/LV15_137bus/Loads.dss,148,1092,0,0,1
ld3386_load_c,b2003,3,LV9_258bus,LV/LV9_258bus/Loads.dss,210,239,1,1,1
ld3388_load_b,b2797,2,LV10_223bus,LV/LV10_223bus/Loads.dss,213,95,1,1,1
ld3396_load_b,b980,2,LV15_137bus,LV/LV15_137bus/Loads.dss,272,1083,0,0,1
ld3398_load_c,b1686,3,LV32_100bus,LV/LV32_100bus/Loads.dss,11,913,0,0,1
ld3400_load_c,b2279,3,LV10_223bus,LV/LV10_223bus/Loads.dss,157,1022,0,0,1
ld3418_load_a,b1334,1,LV12_248bus,LV/LV12_248bus/Loads.dss,31,1134,0,0,1
ld3420_load_a,b466,1,LV9_258bus,LV/LV9_258bus/Loads.dss,88,1113,0,0,1
ld3421_load_b,b1378,2,LV9_258bus,LV/LV9_258bus/Loads.dss,70,443,0,1,1
ld3423_load_b,b1073,2,LV13_58bus,LV/LV13_58bus/Loads.dss,167,1154,0,0,1
ld3425_load_b,b1558,2,LV30_315bus,LV/LV30_315bus/Loads.dss,97,229,1,1,1
ld342_load_c,b208,3,LV24_246bus,LV/LV24_246bus/Loads.dss,42,218,1,1,1
ld3433_load_b,b2656,2,LV1_14bus,LV/LV1_14bus/Loads.dss,15,569,0,1,1
ld3440_load_a,b1011,1,LV17_279bus,LV/LV17_279bus/Loads.dss,215,1057,0,0,1
ld3442_load_c,b2333,3,LV9_258bus,LV/LV9_258bus/Loads.dss,232,765,0,0,1
ld3445_load_c,b1459,3,LV24_246bus,LV/LV24_246bus/Loads.dss,240,590,0,1,1
ld3448_load_b,b1870,2,LV17_279bus,LV/LV17_279bus/Loads.dss,25,1248,0,0,1
ld3452_load_b,b2375,2,LV12_248bus,LV/LV12_248bus/Loads.dss,28,305,1,1,1
ld3460_load_a,b2209,1,LV9_258bus,LV/LV9_258bus/Loads.dss,181,265,1,1,1
ld3462_load_a,b2640,1,LV24_246bus,LV/LV24_246bus/Loads.dss,88,910,0,0,1
ld3464_load_b,b625,2,LV9_258bus,LV/LV9_258bus/Loads.dss,15,538,0,1,1
ld3465_load_a,b1424,1,LV10_223bus,LV/LV10_223bus/Loads.dss,46,469,0,1,1
ld3466_load_c,b869,3,LV17_279bus,LV/LV17_279bus/Loads.dss,199,779,0,0,1
ld3471_load_c,b997,3,LV12_248bus,LV/LV12_248bus/Loads.dss,178,922,0,0,1
ld347_load_b,b2657,2,LV30_315bus,LV/LV30_315bus/Loads.dss,38,270,1,1,1
ld3480_load_a,b1107,1,LV11_216bus,LV/LV11_216bus/Loads.dss,165,464,0,1,1
ld3485_load_c,b2357,3,LV15_137bus,LV/LV15_137bus/Loads.dss,109,1150,0,0,1
ld3487_load_a,b2056,1,LV12_248bus,LV/LV12_248bus/Loads.dss,210,635,0,0,1
ld3488_load_a,b1927,1,LV25_232bus,LV/LV25_232bus/Loads.dss,85,745,0,0,1
ld348_load_b,b2814,2,LV25_232bus,LV/LV25_232bus/Loads.dss,114,659,0,0,1
ld3493_load_b,b244,2,LV25_232bus,LV/LV25_232bus/Loads.dss,291,517,0,1,1
ld349_load_c,b183,3,LV30_315bus,LV/LV30_315bus/Loads.dss,177,515,0,1,1
ld3500_load_c,b161,3,LV30_315bus,LV/LV30_315bus/Loads.dss,121,829,0,0,1
ld3504_load_b,b788,2,LV24_246bus,LV/LV24_246bus/Loads.dss,131,397,1,1,1
ld3505_load_c,b1697,3,LV24_246bus,LV/LV24_246bus/Loads.dss,84,353,1,1,1
ld3519_load_a,b2409,1,LV32_100bus,LV/LV32_100bus/Loads.dss,268,414,1,1,1
ld3523_load_a,b2509,1,LV15_137bus,LV/LV15_137bus/Loads.dss,29,838,0,0,1
ld3525_load_b,b1857,2,LV10_223bus,LV/LV10_223bus/Loads.dss,263,1060,0,0,1
ld352_load_b,b3060,2,LV11_216bus,LV/LV11_216bus/Loads.dss,139,366,1,1,1
ld3530_load_c,b250,3,LV13_58bus,LV/LV13_58bus/Loads.dss,196,525,0,1,1
ld3531_load_c,b3400,3,LV28_25bus,LV/LV28_25bus/Loads.dss,297,553,0,1,1
ld3534_load_c,b1348,3,LV10_223bus,LV/LV10_223bus/Loads.dss,197,139,1,1,1
ld3537_load_a,b1264,1,LV17_279bus,LV/LV17_279bus/Loads.dss,139,934,0,0,1
ld3538_load_c,b1152,3,LV26_205bus,LV/LV26_205bus/Loads.dss,286,675,0,0,1
ld3543_load_a,b745,1,LV26_205bus,LV/LV26_205bus/Loads.dss,115,814,0,0,1
ld3544_load_a,b2189,1,LV24_246bus,LV/LV24_246bus/Loads.dss,236,493,0,1,1
ld3547_load_b,b2304,2,LV17_279bus,LV/LV17_279bus/Loads.dss,96,917,0,0,1
ld3548_load_b,b1864,2,LV26_205bus,LV/LV26_205bus/Loads.dss,160,460,0,1,1
ld3553_load_b,b684,2,LV24_246bus,LV/LV24_246bus/Loads.dss,172,1049,0,0,1
ld3555_load_c,b2595,3,LV25_232bus,LV/LV25_232bus/Loads.dss,71,711,0,0,1
ld3559_load_c,b2464,3,LV24_246bus,LV/LV24_246bus/Loads.dss,223,1221,0,0,1
ld3568_load_c,b203,3,LV26_205bus,LV/LV26_205bus/Loads.dss,219,811,0,0,1
ld356_load_c,b1680,3,LV11_216bus,LV/LV11_216bus/Loads.dss,125,1229,0,0,1
ld3571_load_c,b3145,3,LV31_15bus,LV/LV31_15bus/Loads.dss,140,697,0,0,1
ld3572_load_a,b1846,1,LV24_246bus,LV/LV24_246bus/Loads.dss,103,67,1,1,1
ld3574_load_c,b2302,3,LV17_279bus,LV/LV17_279bus/Loads.dss,5,219,1,1,1
ld3578_load_c,b3362,3,LV9_258bus,LV/LV9_258bus/Loads.dss,235,182,1,1,1
ld3584_load_a,b746,1,LV26_205bus,LV/LV26_205bus/Loads.dss,168,430,0,1,1
ld3587_load_b,b511,2,LV24_246bus,LV/LV24_246bus/Loads.dss,198,500,0,1,1
ld3588_load_c,b2641,3,LV24_246bus,LV/LV24_246bus/Loads.dss,222,867,0,0,1
ld3589_load_a,b2358,1,LV30_315bus,LV/LV30_315bus/Loads.dss,44,919,0,0,1
ld3591_load_a,b228,1,LV17_279bus,LV/LV17_279bus/Loads.dss,96,1253,0,0,1
ld3592_load_a,b3258,1,LV25_232bus,LV/LV25_232bus/Loads.dss,62,38,1,1,1
ld3593_load_b,b998,2,LV26_205bus,LV/LV26_205bus/Loads.dss,8,65,1,1,1
ld3595_load_a,b823,1,LV10_223bus,LV/LV10_223bus/Loads.dss,167,705,0,0,1
ld3597_load_b,b126,2,LV11_216bus,LV/LV11_216bus/Loads.dss,1,288,1,1,1
ld3599_load_a,b2779,1,LV9_258bus,LV/LV9_258bus/Loads.dss,247,171,1,1,1
ld359_load_a,b2676,1,LV26_205bus,LV/LV26_205bus/Loads.dss,137,1117,0,0,1
ld3601_load_b,b327,2,LV25_232bus,LV/LV25_232bus/Loads.dss,185,1043,0,0,1
ld3605_load_b,b3282,2,LV10_223bus,LV/LV10_223bus/Loads.dss,212,413,1,1,1
ld360_load_c,b2992,3,LV25_232bus,LV/LV25_232bus/Loads.dss,4,1207,0,0,1
ld3612_load_a,b2183,1,LV24_246bus,LV/LV24_246bus/Loads.dss,288,484,0,1,1
ld3613_load_b,b2686,2,LV17_279bus,LV/LV17_279bus/Loads.dss,41,744,0,0,1
ld3618_load_b,b815,2,LV12_248bus,LV/LV12_248bus/Loads.dss,121,1244,0,0,1
ld361_load_a,b1012,1,LV18_12bus,LV/LV18_12bus/Loads.dss,110,1013,0,0,1
ld3623_load_b,b1687,2,LV32_100bus,LV/LV32_100bus/Loads.dss,187,548,0,1,1
ld3627_load_c,b2045,3,LV32_100bus,LV/LV32_100bus/Loads.dss,285,532,0,1,1
ld362_load_a,b1919,1,LV11_216bus,LV/LV11_216bus/Loads.dss,186,54,1,1,1
ld3642_load_b,b2826,2,LV30_315bus,LV/LV30_315bus/Loads.dss,56,164,1,1,1
ld3645_load_c,b1088,3,LV29_90bus,LV/LV29_90bus/Loads.dss,200,51,1,1,1
ld3646_load_b,b30,2,LV9_258bus,LV/LV9_258bus/Loads.dss,239,52,1,1,1
ld3649_load_c,b3000,3,LV30_315bus,LV/LV30_315bus/Loads.dss,231,461,0,1,1
ld3657_load_b,b1170,2,LV15_137bus,LV/LV15_137bus/Loads.dss,131,1217,0,0,1
ld3660_load_c,b1526,3,LV25_232bus,LV/LV25_232bus/Loads.dss,75,147,1,1,1
ld3665_load_c,b2446,3,LV17_279bus,LV/LV17_279bus/Loads.dss,41,764,0,0,1
ld366_load_a,b2854,1,LV24_246bus,LV/LV24_246bus/Loads.dss,71,225,1,1,1
ld3674_load_a,b346,1,LV25_232bus,LV/LV25_232bus/Loads.dss,98,1145,0,0,1
ld3679_load_c,b1591,3,LV9_258bus,LV/LV9_258bus/Loads.dss,213,799,0,0,1
ld3681_load_a,b3070,1,LV9_258bus,LV/LV9_258bus/Loads.dss,214,812,0,0,1
ld3684_load_b,b1866,2,LV25_232bus,LV/LV25_232bus/Loads.dss,65,761,0,0,1
ld3695_load_c,b3221,3,LV26_205bus,LV/LV26_205bus/Loads.dss,50,584,0,1,1
ld3697_load_c,b2442,3,LV25_232bus,LV/LV25_232bus/Loads.dss,59,526,0,1,1
ld369_load_a,b819,1,LV30_315bus,LV/LV30_315bus/Loads.dss,140,534,0,1,1
ld3705_load_a,b1573,1,LV30_315bus,LV/LV30_315bus/Loads.dss,89,39,1,1,1
ld370_load_b,b1548,2,LV11_216bus,LV/LV11_216bus/Loads.dss,89,1196,0,0,1
ld3712_load_a,b472,1,LV17_279bus,LV/LV17_279bus/Loads.dss,9,294,1,1,1
ld3714_load_c,b2035,3,LV11_216bus,LV/LV11_216bus/Loads.dss,117,688,0,0,1
ld3715_load_b,b1416,2,LV9_258bus,LV/LV9_258bus/Loads.dss,91,652,0,0,1
ld3716_load_b,b2934,2,LV24_246bus,LV/LV24_246bus/Loads.dss,288,1129,0,0,1
ld3718_load_a,b2406,1,LV25_232bus,LV/LV25_232bus/Loads.dss,114,1237,0,0,1
ld3722_load_b,b878,2,LV17_279bus,LV/LV17_279bus/Loads.dss,201,1184,0,0,1
ld3723_load_a,b150,1,LV7_29bus,LV/LV7_29bus/Loads.dss,157,743,0,0,1
ld3727_load_c,b1428,3,LV10_223bus,LV/LV10_223bus/Loads.dss,118,664,0,0,1
ld3729_load_a,b2356,1,LV11_216bus,LV/LV11_216bus/Loads.dss,130,904,0,0,1
ld3731_load_a,b2986,1,LV26_205bus,LV/LV26_205bus/Loads.dss,281,415,1,1,1
ld3739_load_c,b1590,3,LV9_258bus,LV/LV9_258bus/Loads.dss,101,92,1,1,1
ld3741_load_c,b2876,3,LV15_137bus,LV/LV15_137bus/Loads.dss,132,279,1,1,1
ld3744_load_a,b3091,1,LV15_137bus,LV/LV15_137bus/Loads.dss,216,844,0,0,1
ld3745_load_c,b2132,3,LV17_279bus,LV/LV17_279bus/Loads.dss,219,58,1,1,1
ld374_load_a,b3361,1,LV25_232bus,LV/LV25_232bus/Loads.dss,32,940,0,0,1
ld3754_load_a,b2505,1,LV17_279bus,LV/LV17_279bus/Loads.dss,81,593,0,1,1
ld3757_load_a,b2813,1,LV20_26bus,LV/LV20_26bus/Loads.dss,12,488,0,1,1
ld3758_load_b,b384,2,LV15_137bus,LV/LV15_137bus/Loads.dss,231,1251,0,0,1
ld3762_load_b,b2544,2,LV30_315bus,LV/LV30_315bus/Loads.dss,177,159,1,1,1
ld3763_load_c,b3341,3,LV24_246bus,LV/LV24_246bus/Loads.dss,97,695,0,0,1
ld3765_load_a,b3201,1,LV24_246bus,LV/LV24_246bus/Loads.dss,64,830,0,0,1
ld3766_load_b,b1474,2,LV26_205bus,LV/LV26_205bus/Loads.dss,116,890,0,0,1
ld3771_load_c,b1333,3,LV30_315bus,LV/LV30_315bus/Loads.dss,13,1167,0,0,1
ld3772_load_a,b2978,1,LV32_100bus,LV/LV32_100bus/Loads.dss,46,1076,0,0,1
ld3778_load_b,b1329,2,LV25_232bus,LV/LV25_232bus/Loads.dss,194,607,0,1,1
ld3781_load_b,b3120,2,LV11_216bus,LV/LV11_216bus/Loads.dss,59,601,0,1,1
ld3782_load_c,b950,3,LV22_80bus,LV/LV22_80bus/Loads.dss,235,1110,0,0,1
ld3783_load_a,b1855,1,LV9_258bus,LV/LV9_258bus/Loads.dss,170,402,1,1,1
ld3788_load_c,b1875,3,LV25_232bus,LV/LV25_232bus/Loads.dss,84,252,1,1,1
ld3789_load_a,b3076,1,LV30_315bus,LV/LV30_315bus/Loads.dss,69,285,1,1,1
ld3792_load_b,b2977,2,LV9_258bus,LV/LV9_258bus/Loads.dss,40,272,1,1,1
ld3794_load_b,b1530,2,LV30_315bus,LV/LV30_315bus/Loads.dss,113,1183,0,0,1
ld3797_load_c,b2009,3,LV12_248bus,LV/LV12_248bus/Loads.dss,104,709,0,0,1
ld3805_load_b,b2881,2,LV24_246bus,LV/LV24_246bus/Loads.dss,214,368,1,1,1
ld3809_load_a,b1180,1,LV12_248bus,LV/LV12_248bus/Loads.dss,298,736,0,0,1
ld380_load_c,b223,3,LV10_223bus,LV/LV10_223bus/Loads.dss,274,902,0,0,1
ld3812_load_b,b765,2,LV5_14bus,LV/LV5_14bus/Loads.dss,60,834,0,0,1
ld3813_load_a,b686,1,LV25_232bus,LV/LV25_232bus/Loads.dss,117,898,0,0,1
ld3815_load_b,b2092,2,LV12_248bus,LV/LV12_248bus/Loads.dss,185,191,1,1,1
ld3824_load_a,b3235,1,LV10_223bus,LV/LV10_223bus/Loads.dss,256,684,0,0,1
ld3835_load_b,b1430,2,LV25_232bus,LV/LV25_232bus/Loads.dss,280,641,0,0,1
ld3850_load_c,b1872,3,LV9_258bus,LV/LV9_258bus/Loads.dss,125,1065,0,0,1
ld3853_load_b,b861,2,LV10_223bus,LV/LV10_223bus/Loads.dss,35,899,0,0,1
ld3857_load_a,b116,1,LV29_90bus,LV/LV29_90bus/Loads.dss,171,937,0,0,1
ld3859_load_c,b3250,3,LV12_248bus,LV/LV12_248bus/Loads.dss,280,605,0,1,1
ld385_load_b,b2868,2,LV9_258bus,LV/LV9_258bus/Loads.dss,33,322,1,1,1
ld3864_load_c,b1376,3,LV25_232bus,LV/LV25_232bus/Loads.dss,253,134,1,1,1
ld3872_load_c,b2499,3,LV10_223bus,LV/LV10_223bus/Loads.dss,194,631,0,0,1
ld3878_load_a,b435,1,LV9_258bus,LV/LV9_258bus/Loads.dss,169,1106,0,0,1
ld3879_load_c,b1412,3,LV24_246bus,LV/LV24_246bus/Loads.dss,112,373,1,1,1
ld387_load_a,b1271,1,LV10_223bus,LV/LV10_223bus/Loads.dss,150,906,0,0,1
ld3880_load_b,b2586,2,LV32_100bus,LV/LV32_100bus/Loads.dss,40,682,0,0,1
ld3883_load_b,b2815,2,LV9_258bus,LV/LV9_258bus/Loads.dss,197,1105,0,0,1
ld3888_load_c,b2907,3,LV11_216bus,LV/LV11_216bus/Loads.dss,47,143,1,1,1
ld3890_load_a,b685,1,LV11_216bus,LV/LV11_216bus/Loads.dss,284,820,0,0,1
ld3894_load_a,b2129,1,LV24_246bus,LV/LV24_246bus/Loads.dss,259,1064,0,0,1
ld389_load_b,b2331,2,LV10_223bus,LV/LV10_223bus/Loads.dss,192,612,0,1,1
ld38_load_a,b1467,1,LV11_216bus,LV/LV11_216bus/Loads.dss,194,149,1,1,1
ld3900_load_c,b1293,3,LV26_205bus,LV/LV26_205bus/Loads.dss,17,30,1,1,1
ld3901_load_a,b3177,1,LV25_232bus,LV/LV25_232bus/Loads.dss,260,19,1,1,1
ld3909_load_b,b1856,2,LV29_90bus,LV/LV29_90bus/Loads.dss,225,1151,0,0,1
ld390_load_b,b2144,2,LV30_315bus,LV/LV30_315bus/Loads.dss,95,918,0,0,1
ld3910_load_b,b577,2,LV25_232bus,LV/LV25_232bus/Loads.dss,267,245,1,1,1
ld3914_load_a,b1047,1,LV10_223bus,LV/LV10_223bus/Loads.dss,234,320,1,1,1
ld3915_load_c,b3033,3,LV15_137bus,LV/LV15_137bus/Loads.dss,284,632,0,0,1
ld3918_load_b,b1273,2,LV17_279bus,LV/LV17_279bus/Loads.dss,248,1008,0,0,1
ld391_load_b,b2354,2,LV26_205bus,LV/LV26_205bus/Loads.dss,266,126,1,1,1
ld3926_load_b,b1353,2,LV11_216bus,LV/LV11_216bus/Loads.dss,158,1199,0,0,1
ld3930_load_c,b2254,3,LV30_315bus,LV/LV30_315bus/Loads.dss,123,297,1,1,1
ld3931_load_a,b2643,1,LV22_80bus,LV/LV22_80bus/Loads.dss,221,1073,0,0,1
ld3935_load_b,b3323,2,LV24_246bus,LV/LV24_246bus/Loads.dss,218,930,0,0,1
ld3936_load_c,b1226,3,LV9_258bus,LV/LV9_258bus/Loads.dss,132,483,0,1,1
ld3939_load_b,b2633,2,LV10_223bus,LV/LV10_223bus/Loads.dss,28,431,0,1,1
ld3940_load_a,b1905,1,LV9_258bus,LV/LV9_258bus/Loads.dss,67,665,0,0,1
ld3942_load_c,b2207,3,LV24_246bus,LV/LV24_246bus/Loads.dss,219,796,0,0,1
ld3947_load_a,b571,1,LV12_248bus,LV/LV12_248bus/Loads.dss,266,944,0,0,1
ld3948_load_c,b502,3,LV11_216bus,LV/LV11_216bus/Loads.dss,156,1005,0,0,1
ld3956_load_b,b2822,2,LV12_248bus,LV/LV12_248bus/Loads.dss,82,602,0,1,1
ld3957_load_b,b162,2,LV9_258bus,LV/LV9_258bus/Loads.dss,85,740,0,0,1
ld3961_load_a,b1612,1,LV11_216bus,LV/LV11_216bus/Loads.dss,175,528,0,1,1
ld3966_load_c,b1554,3,LV32_100bus,LV/LV32_100bus/Loads.dss,75,594,0,1,1
ld3971_load_a,b3159,1,LV30_315bus,LV/LV30_315bus/Loads.dss,137,1028,0,0,1
ld3972_load_c,b1139,3,LV9_258bus,LV/LV9_258bus/Loads.dss,142,994,0,0,1
ld3974_load_a,b2385,1,LV26_205bus,LV/LV26_205bus/Loads.dss,115,721,0,0,1
ld3979_load_c,b1787,3,LV25_232bus,LV/LV25_232bus/Loads.dss,9,970,0,0,1
ld397_load_b,b911,2,LV25_232bus,LV/LV25_232bus/Loads.dss,106,978,0,0,1
ld3981_load_a,b2648,1,LV15_137bus,LV/LV15_137bus/Loads.dss,34,471,0,1,1
ld3982_load_c,b2852,3,LV17_279bus,LV/LV17_279bus/Loads.dss,229,694,0,0,1
ld3989_load_a,b873,1,LV17_279bus,LV/LV17_279bus/Loads.dss,64,180,1,1,1
ld3991_load_a,b445,1,LV24_246bus,LV/LV24_246bus/Loads.dss,276,804,0,0,1
ld3998_load_b,b3209,2,LV17_279bus,LV/LV17_279bus/Loads.dss,154,985,0,0,1
ld3_load_a,b2632,1,LV30_315bus,LV/LV30_315bus/Loads.dss,95,210,1,1,1
ld4004_load_c,b1597,3,LV12_248bus,LV/LV12_248bus/Loads.dss,283,554,0,1,1
ld4012_load_a,b1407,1,LV9_258bus,LV/LV9_258bus/Loads.dss,35,572,0,1,1
ld4014_load_b,b489,2,LV30_315bus,LV/LV30_315bus/Loads.dss,53,144,1,1,1
ld4018_load_a,b397,1,LV25_232bus,LV/LV25_232bus/Loads.dss,273,648,0,0,1
ld4019_load_c,b137,3,LV30_315bus,LV/LV30_315bus/Loads.dss,64,651,0,0,1
ld4021_load_b,b1095,2,LV9_258bus,LV/LV9_258bus/Loads.dss,125,119,1,1,1
ld4024_load_c,b798,3,LV9_258bus,LV/LV9_258bus/Loads.dss,110,1204,0,0,1
ld4027_load_b,b1380,2,LV26_205bus,LV/LV26_205bus/Loads.dss,93,670,0,0,1
ld4028_load_a,b2336,1,LV30_315bus,LV/LV30_315bus/Loads.dss,201,1089,0,0,1
ld4029_load_a,b787,1,LV9_258bus,LV/LV9_258bus/Loads.dss,16,1059,0,0,1
ld4031_load_c,b1276,3,LV29_90bus,LV/LV29_90bus/Loads.dss,72,540,0,1,1
ld4032_load_a,b635,1,LV23_13bus,LV/LV23_13bus/Loads.dss,50,603,0,1,1
ld4035_load_b,b171,2,LV25_232bus,LV/LV25_232bus/Loads.dss,184,1159,0,0,1
ld403_load_c,b1849,3,LV25_232bus,LV/LV25_232bus/Loads.dss,207,3,1,1,1
ld4041_load_a,b767,1,LV12_248bus,LV/LV12_248bus/Loads.dss,156,1066,0,0,1
ld4044_load_b,b177,2,LV30_315bus,LV/LV30_315bus/Loads.dss,172,1046,0,0,1
ld4049_load_a,b1197,1,LV32_100bus,LV/LV32_100bus/Loads.dss,76,1193,0,0,1
ld4057_load_b,b115,2,LV11_216bus,LV/LV11_216bus/Loads.dss,19,895,0,0,1
ld4060_load_b,b591,2,LV32_100bus,LV/LV32_100bus/Loads.dss,54,457,0,1,1
ld4063_load_c,b1594,3,LV30_315bus,LV/LV30_315bus/Loads.dss,31,889,0,0,1
ld4064_load_c,b2479,3,LV17_279bus,LV/LV17_279bus/Loads.dss,63,13,1,1,1
ld4065_load_c,b2931,3,LV11_216bus,LV/LV11_216bus/Loads.dss,66,900,0,0,1
ld4068_load_c,b1771,3,LV10_223bus,LV/LV10_223bus/Loads.dss,24,1188,0,0,1
ld4069_load_c,b2292,3,LV25_232bus,LV/LV25_232bus/Loads.dss,238,94,1,1,1
ld406_load_b,b1291,2,LV15_137bus,LV/LV15_137bus/Loads.dss,40,833,0,0,1
ld4070_load_a,b2432,1,LV25_232bus,LV/LV25_232bus/Loads.dss,257,309,1,1,1
ld4074_load_a,b753,1,LV11_216bus,LV/LV11_216bus/Loads.dss,12,653,0,0,1
ld4080_load_a,b1289,1,LV17_279bus,LV/LV17_279bus/Loads.dss,195,1009,0,0,1
ld4094_load_b,b322,2,LV11_216bus,LV/LV11_216bus/Loads.dss,168,59,1,1,1
ld4095_load_a,b1489,1,LV30_315bus,LV/LV30_315bus/Loads.dss,90,981,0,0,1
ld409_load_b,b2943,2,LV13_58bus,LV/LV13_58bus/Loads.dss,246,874,0,0,1
ld40_load_b,b2235,2,LV11_216bus,LV/LV11_216bus/Loads.dss,190,379,1,1,1
ld4103_load_b,b2709,2,LV30_315bus,LV/LV30_315bus/Loads.dss,99,783,0,0,1
ld4104_load_b,b2273,2,LV12_248bus,LV/LV12_248bus/Loads.dss,158,713,0,0,1
ld4106_load_c,b2728,3,LV30_315bus,LV/LV30_315bus/Loads.dss,161,36,1,1,1
ld4107_load_b,b2152,2,LV24_246bus,LV/LV24_246bus/Loads.dss,175,597,0,1,1
ld410_load_c,b2040,3,LV9_258bus,LV/LV9_258bus/Loads.dss,204,264,1,1,1
ld4120_load_a,b1395,1,LV30_315bus,LV/LV30_315bus/Loads.dss,169,125,1,1,1
ld4123_load_b,b778,2,LV17_279bus,LV/LV17_279bus/Loads.dss,99,727,0,0,1
ld4126_load_c,b2851,3,LV17_279bus,LV/LV17_279bus/Loads.dss,84,1079,0,0,1
ld4134_load_a,b165,1,LV10_223bus,LV/LV10_223bus/Loads.dss,278,418,1,1,1
ld4136_load_c,b827,3,LV24_246bus,LV/LV24_246bus/Loads.dss,57,74,1,1,1
ld4138_load_c,b2741,3,LV26_205bus,LV/LV26_205bus/Loads.dss,208,34,1,1,1
ld4143_load_b,b3261,2,LV10_223bus,LV/LV10_223bus/Loads.dss,254,658,0,0,1
ld4145_load_a,b2882,1,LV17_279bus,LV/LV17_279bus/Loads.dss,61,386,1,1,1
ld4151_load_c,b2423,3,LV11_216bus,LV/LV11_216bus/Loads.dss,217,1220,0,0,1
ld4152_load_b,b1986,2,LV17_279bus,LV/LV17_279bus/Loads.dss,207,974,0,0,1
ld4158_load_b,b2433,2,LV30_315bus,LV/LV30_315bus/Loads.dss,1,614,0,1,1
ld4163_load_b,b2510,2,LV9_258bus,LV/LV9_258bus/Loads.dss,4,509,0,1,1
ld4166_load_b,b1897,2,LV15_137bus,LV/LV15_137bus/Loads.dss,267,177,1,1,1
ld4170_load_c,b1516,3,LV30_315bus,LV/LV30_315bus/Loads.dss,32,537,0,1,1
ld4174_load_a,b160,1,LV24_246bus,LV/LV24_246bus/Loads.dss,252,647,0,0,1
ld4182_load_b,b1823,2,LV24_246bus,LV/LV24_246bus/Loads.dss,208,524,0,1,1
ld4184_load_c,b1596,3,LV15_137bus,LV/LV15_137bus/Loads.dss,22,100,1,1,1
ld4186_load_a,b1514,1,LV15_137bus,LV/LV15_137bus/Loads.dss,210,877,0,0,1
ld4187_load_c,b2120,3,LV24_246bus,LV/LV24_246bus/Loads.dss,259,592,0,1,1
ld4190_load_b,b3241,2,LV25_232bus,LV/LV25_232bus/Loads.dss,51,1047,0,0,1
ld4191_load_c,b2349,3,LV9_258bus,LV/LV9_258bus/Loads.dss,52,967,0,0,1
ld4193_load_a,b1815,1,LV11_216bus,LV/LV11_216bus/Loads.dss,300,1216,0,0,1
ld4194_load_c,b3215,3,LV12_248bus,LV/LV12_248bus/Loads.dss,191,879,0,0,1
ld4199_load_a,b1355,1,LV30_315bus,LV/LV30_315bus/Loads.dss,121,2,1,1,1
ld419_load_a,b1268,1,LV29_90bus,LV/LV29_90bus/Loads.dss,147,496,0,1,1
ld4200_load_a,b3005,1,LV9_258bus,LV/LV9_258bus/Loads.dss,47,775,0,0,1
ld4201_load_b,b2221,2,LV11_216bus,LV/LV11_216bus/Loads.dss,140,348,1,1,1
ld4202_load_a,b1033,1,LV13_58bus,LV/LV13_58bus/Loads.dss,294,240,1,1,1
ld4205_load_c,b935,3,LV10_223bus,LV/LV10_223bus/Loads.dss,140,7,1,1,1
ld4214_load_c,b2460,3,LV25_232bus,LV/LV25_232bus/Loads.dss,176,485,0,1,1
ld4216_load_a,b2184,1,LV26_205bus,LV/LV26_205bus/Loads.dss,56,884,0,0,1
ld4217_load_b,b5,2,LV26_205bus,LV/LV26_205bus/Loads.dss,79,1138,0,0,1
ld4226_load_a,b2013,1,LV24_246bus,LV/LV24_246bus/Loads.dss,94,714,0,0,1
ld4227_load_a,b414,1,LV29_90bus,LV/LV29_90bus/Loads.dss,147,617,0,1,1
ld4229_load_c,b2330,3,LV17_279bus,LV/LV17_279bus/Loads.dss,108,580,0,1,1
ld422_load_b,b3224,2,LV24_246bus,LV/LV24_246bus/Loads.dss,173,1147,0,0,1
ld4233_load_a,b2318,1,LV17_279bus,LV/LV17_279bus/Loads.dss,25,508,0,1,1
ld4235_load_a,b2848,1,LV12_248bus,LV/LV12_248bus/Loads.dss,76,979,0,0,1
ld4238_load_c,b1074,3,LV11_216bus,LV/LV11_216bus/Loads.dss,156,792,0,0,1
ld4242_load_b,b2745,2,LV12_248bus,LV/LV12_248bus/Loads.dss,18,205,1,1,1
ld4246_load_a,b1440,1,LV10_223bus,LV/LV10_223bus/Loads.dss,240,278,1,1,1
ld4247_load_c,b2052,3,LV12_248bus,LV/LV12_248bus/Loads.dss,241,832,0,0,1
ld4251_load_b,b1060,2,LV22_80bus,LV/LV22_80bus/Loads.dss,166,522,0,1,1
ld4254_load_b,b1381,2,LV15_137bus,LV/LV15_137bus/Loads.dss,44,411,1,1,1
ld4257_load_a,b1448,1,LV25_232bus,LV/LV25_232bus/Loads.dss,92,1062,0,0,1
ld4262_load_b,b507,2,LV25_232bus,LV/LV25_232bus/Loads.dss,145,841,0,0,1
ld4270_load_c,b1332,3,LV25_232bus,LV/LV25_232bus/Loads.dss,158,324,1,1,1
ld4272_load_b,b1998,2,LV9_258bus,LV/LV9_258bus/Loads.dss,243,1124,0,0,1
ld4273_load_c,b385,3,LV22_80bus,LV/LV22_80bus/Loads.dss,69,1094,0,0,1
ld4275_load_a,b1793,1,LV11_216bus,LV/LV11_216bus/Loads.dss,190,308,1,1,1
ld4277_load_b,b707,2,LV30_315bus,LV/LV30_315bus/Loads.dss,30,712,0,0,1
ld4285_load_c,b2466,3,LV15_137bus,LV/LV15_137bus/Loads.dss,287,987,0,0,1
ld4291_load_c,b2699,3,LV30_315bus,LV/LV30_315bus/Loads.dss,42,633,0,0,1
ld4292_load_b,b410,2,LV10_223bus,LV/LV10_223bus/Loads.dss,289,513,0,1,1
ld4297_load_a,b1797,1,LV25_232bus,LV/LV25_232bus/Loads.dss,233,385,1,1,1
ld4299_load_c,b965,3,LV10_223bus,LV/LV10_223bus/Loads.dss,227,214,1,1,1
ld429_load_a,b2651,1,LV25_232bus,LV/LV25_232bus/Loads.dss,96,339,1,1,1
ld4300_load_a,b1191,1,LV10_223bus,LV/LV10_223bus/Loads.dss,243,8,1,1,1
ld4302_load_b,b1221,2,LV17_279bus,LV/LV17_279bus/Loads.dss,217,965,0,0,1
ld4305_load_c,b1723,3,LV9_258bus,LV/LV9_258bus/Loads.dss,180,43,1,1,1
ld4308_load_b,b3317,2,LV11_216bus,LV/LV11_216bus/Loads.dss,17,1091,0,0,1
ld4320_load_a,b1753,1,LV30_315bus,LV/LV30_315bus/Loads.dss,290,96,1,1,1
ld4321_load_b,b490,2,LV25_232bus,LV/LV25_232bus/Loads.dss,259,565,0,1,1
ld4325_load_c,b1492,3,LV17_279bus,LV/LV17_279bus/Loads.dss,206,638,0,0,1
ld432_load_c,b229,3,LV26_205bus,LV/LV26_205bus/Loads.dss,220,827,0,0,1
ld4335_load_c,b3402,3,LV26_205bus,LV/LV26_205bus/Loads.dss,130,482,0,1,1
ld4336_load_a,b2378,1,LV15_137bus,LV/LV15_137bus/Loads.dss,293,26,1,1,1
ld4338_load_a,b3324,1,LV26_205bus,LV/LV26_205bus/Loads.dss,124,222,1,1,1
ld4343_load_a,b1083,1,LV12_248bus,LV/LV12_248bus/Loads.dss,79,882,0,0,1
ld4347_load_b,b2198,2,LV24_246bus,LV/LV24_246bus/Loads.dss,264,521,0,1,1
ld4350_load_b,b992,2,LV10_223bus,LV/LV10_223bus/Loads.dss,119,1187,0,0,1
ld4355_load_b,b2983,2,LV30_315bus,LV/LV30_315bus/Loads.dss,167,337,1,1,1
ld4361_load_a,b2281,1,LV17_279bus,LV/LV17_279bus/Loads.dss,200,789,0,0,1
ld4367_load_c,b2421,3,LV30_315bus,LV/LV30_315bus/Loads.dss,16,729,0,0,1
ld4371_load_b,b2772,2,LV17_279bus,LV/LV17_279bus/Loads.dss,240,990,0,0,1
ld4372_load_c,b1079,3,LV11_216bus,LV/LV11_216bus/Loads.dss,120,645,0,0,1
ld4374_load_b,b2037,2,LV26_205bus,LV/LV26_205bus/Loads.dss,90,326,1,1,1
ld4381_load_b,b66,2,LV15_137bus,LV/LV15_137bus/Loads.dss,271,866,0,0,1
ld4384_load_b,b1284,2,LV12_248bus,LV/LV12_248bus/Loads.dss,51,1041,0,0,1
ld4386_load_c,b3121,3,LV10_223bus,LV/LV10_223bus/Loads.dss,60,27,1,1,1
ld4402_load_c,b844,3,LV24_246bus,LV/LV24_246bus/Loads.dss,285,184,1,1,1
ld4404_load_a,b2176,1,LV30_315bus,LV/LV30_315bus/Loads.dss,223,621,0,1,1
ld4405_load_b,b1463,2,LV13_58bus,LV/LV13_58bus/Loads.dss,86,1246,0,0,1
ld4407_load_a,b1429,1,LV10_223bus,LV/LV10_223bus/Loads.dss,31,380,1,1,1
ld4410_load_b,b2508,2,LV10_223bus,LV/LV10_223bus/Loads.dss,239,462,0,1,1
ld4413_load_c,b2951,3,LV17_279bus,LV/LV17_279bus/Loads.dss,252,416,1,1,1
ld4414_load_c,b2611,3,LV10_223bus,LV/LV10_223bus/Loads.dss,7,915,0,0,1
ld4419_load_c,b2110,3,LV12_248bus,LV/LV12_248bus/Loads.dss,166,312,1,1,1
ld441_load_a,b1362,1,LV9_258bus,LV/LV9_258bus/Loads.dss,277,643,0,0,1
ld4422_load_a,b581,1,LV17_279bus,LV/LV17_279bus/Loads.dss,256,708,0,0,1
ld4423_load_a,b986,1,LV12_248bus,LV/LV12_248bus/Loads.dss,93,1027,0,0,1
ld4428_load_a,b3018,1,LV22_80bus,LV/LV22_80bus/Loads.dss,202,757,0,0,1
ld442_load_c,b2634,3,LV10_223bus,LV/LV10_223bus/Loads.dss,213,763,0,0,1
ld4438_load_a,b1126,1,LV11_216bus,LV/LV11_216bus/Loads.dss,94,1166,0,0,1
ld4439_load_c,b679,3,LV26_205bus,LV/LV26_205bus/Loads.dss,254,399,1,1,1
ld4449_load_b,b2457,2,LV30_315bus,LV/LV30_315bus/Loads.dss,26,448,0,1,1
ld4454_load_a,b3407,1,LV24_246bus,LV/LV24_246bus/Loads.dss,74,188,1,1,1
ld4455_load_b,b2771,2,LV12_248bus,LV/LV12_248bus/Loads.dss,67,259,1,1,1
ld4456_load_a,b437,1,LV10_223bus,LV/LV10_223bus/Loads.dss,266,185,1,1,1
ld4457_load_b,b1409,2,LV24_246bus,LV/LV24_246bus/Loads.dss,244,759,0,0,1
ld4458_load_b,b529,2,LV10_223bus,LV/LV10_223bus/Loads.dss,112,111,1,1,1
ld4460_load_b,b671,2,LV22_80bus,LV/LV22_80bus/Loads.dss,111,454,0,1,1
ld4463_load_c,b1162,3,LV25_232bus,LV/LV25_232bus/Loads.dss,288,662,0,0,1
ld4465_load_c,b1775,3,LV10_223bus,LV/LV10_223bus/Loads.dss,44,1082,0,0,1
ld4469_load_c,b219,3,LV32_100bus,LV/LV32_100bus/Loads.dss,252,544,0,1,1
ld4472_load_a,b2484,1,LV25_232bus,LV/LV25_232bus/Loads.dss,87,539,0,1,1
ld4479_load_b,b500,2,LV17_279bus,LV/LV17_279bus/Loads.dss,32,53,1,1,1
ld447_load_b,b2999,2,LV17_279bus,LV/LV17_279bus/Loads.dss,92,1054,0,0,1
ld448_load_b,b1936,2,LV25_232bus,LV/LV25_232bus/Loads.dss,86,253,1,1,1
ld4490_load_c,b1032,3,LV30_315bus,LV/LV30_315bus/Loads.dss,127,571,0,1,1
ld4495_load_a,b1121,1,LV30_315bus,LV/LV30_315bus/Loads.dss,153,277,1,1,1
ld4498_load_c,b2064,3,LV17_279bus,LV/LV17_279bus/Loads.dss,13,1169,0,0,1
ld4502_load_c,b1691,3,LV24_246bus,LV/LV24_246bus/Loads.dss,183,362,1,1,1
ld4504_load_b,b1078,2,LV11_216bus,LV/LV11_216bus/Loads.dss,91,186,1,1,1
ld4513_load_a,b2397,1,LV9_258bus,LV/LV9_258bus/Loads.dss,10,957,0,0,1
ld4514_load_a,b1138,1,LV24_246bus,LV/LV24_246bus/Loads.dss,122,826,0,0,1
ld4525_load_c,b341,3,LV22_80bus,LV/LV22_80bus/Loads.dss,178,175,1,1,1
ld4527_load_a,b1375,1,LV26_205bus,LV/LV26_205bus/Loads.dss,300,946,0,0,1
ld4529_load_b,b1358,2,LV25_232bus,LV/LV25_232bus/Loads.dss,270,1006,0,0,1
ld452_load_b,b456,2,LV32_100bus,LV/LV32_100bus/Loads.dss,200,1162,0,0,1
ld4532_load_b,b785,2,LV30_315bus,LV/LV30_315bus/Loads.dss,41,384,1,1,1
ld4534_load_b,b3100,2,LV26_205bus,LV/LV26_205bus/Loads.dss,281,1034,0,0,1
ld4541_load_b,b3038,2,LV24_246bus,LV/LV24_246bus/Loads.dss,127,338,1,1,1
ld4545_load_c,b2298,3,LV24_246bus,LV/LV24_246bus/Loads.dss,181,903,0,0,1
ld454_load_a,b547,1,LV12_248bus,LV/LV12_248bus/Loads.dss,270,1125,0,0,1
ld4551_load_c,b3074,3,LV11_216bus,LV/LV11_216bus/Loads.dss,187,474,0,1,1
ld4552_load_c,b3319,3,LV2_43bus,LV/LV2_43bus/Loads.dss,248,966,0,0,1
ld4554_load_b,b1790,2,LV9_258bus,LV/LV9_258bus/Loads.dss,97,686,0,0,1
ld4555_load_b,b1404,2,LV29_90bus,LV/LV29_90bus/Loads.dss,184,98,1,1,1
ld455_load_c,b1976,3,LV25_232bus,LV/LV25_232bus/Loads.dss,53,62,1,1,1
ld4560_load_a,b894,1,LV17_279bus,LV/LV17_279bus/Loads.dss,20,354,1,1,1
ld4566_load_a,b510,1,LV24_246bus,LV/LV24_246bus/Loads.dss,38,340,1,1,1
ld4568_load_a,b2935,1,LV2_43bus,LV/LV2_43bus/Loads.dss,64,809,0,0,1
ld4569_load_b,b751,2,LV7_29bus,LV/LV7_29bus/Loads.dss,213,18,1,1,1
ld456_load_b,b541,2,LV9_258bus,LV/LV9_258bus/Loads.dss,257,699,0,0,1
ld4578_load_c,b326,3,LV9_258bus,LV/LV9_258bus/Loads.dss,16,961,0,0,1
ld4579_load_a,b2229,1,LV11_216bus,LV/LV11_216bus/Loads.dss,1,451,0,1,1
ld4582_load_b,b796,2,LV24_246bus,LV/LV24_246bus/Loads.dss,120,933,0,0,1
ld4583_load_c,b1451,3,LV15_137bus,LV/LV15_137bus/Loads.dss,37,785,0,0,1
ld4584_load_a,b1852,1,LV9_258bus,LV/LV9_258bus/Loads.dss,28,450,0,1,1
ld4586_load_c,b2613,3,LV12_248bus,LV/LV12_248bus/Loads.dss,176,64,1,1,1
ld4589_load_c,b1729,3,LV29_90bus,LV/LV29_90bus/Loads.dss,203,911,0,0,1
ld4596_load_a,b2067,1,LV12_248bus,LV/LV12_248bus/Loads.dss,294,701,0,0,1
ld4598_load_b,b1572,2,LV9_258bus,LV/LV9_258bus/Loads.dss,235,1179,0,0,1
ld4602_load_a,b972,1,LV10_223bus,LV/LV10_223bus/Loads.dss,49,615,0,1,1
ld4607_load_c,b3073,3,LV24_246bus,LV/LV24_246bus/Loads.dss,291,689,0,0,1
ld4610_load_c,b840,3,LV9_258bus,LV/LV9_258bus/Loads.dss,68,798,0,0,1
ld4613_load_a,b676,1,LV32_100bus,LV/LV32_100bus/Loads.dss,107,924,0,0,1
ld4618_load_a,b2532,1,LV15_137bus,LV/LV15_137bus/Loads.dss,129,112,1,1,1
ld4620_load_c,b2335,3,LV30_315bus,LV/LV30_315bus/Loads.dss,290,494,0,1,1
ld4623_load_b,b1924,2,LV12_248bus,LV/LV12_248bus/Loads.dss,272,242,1,1,1
ld4636_load_c,b2607,3,LV12_248bus,LV/LV12_248bus/Loads.dss,91,1177,0,0,1
ld4637_load_a,b2174,1,LV9_258bus,LV/LV9_258bus/Loads.dss,24,465,0,1,1
ld4641_load_a,b2784,1,LV24_246bus,LV/LV24_246bus/Loads.dss,25,196,1,1,1
ld4643_load_c,b1781,3,LV26_205bus,LV/LV26_205bus/Loads.dss,67,577,0,1,1
ld4644_load_c,b81,3,LV25_232bus,LV/LV25_232bus/Loads.dss,231,404,1,1,1
ld4647_load_a,b3010,1,LV12_248bus,LV/LV12_248bus/Loads.dss,106,319,1,1,1
ld4649_load_b,b589,2,LV12_248bus,LV/LV12_248bus/Loads.dss,9,766,0,0,1
ld4652_load_a,b3260,1,LV30_315bus,LV/LV30_315bus/Loads.dss,104,576,0,1,1
ld4654_load_b,b3182,2,LV17_279bus,LV/LV17_279bus/Loads.dss,107,352,1,1,1
ld4655_load_b,b2204,2,LV11_216bus,LV/LV11_216bus/Loads.dss,111,1095,0,0,1
ld4656_load_a,b2293,1,LV26_205bus,LV/LV26_205bus/Loads.dss,131,629,0,0,1
ld4658_load_c,b572,3,LV11_216bus,LV/LV11_216bus/Loads.dss,238,654,0,0,1
ld4665_load_a,b546,1,LV29_90bus,LV/LV29_90bus/Loads.dss,65,42,1,1,1
ld4669_load_c,b3331,3,LV17_279bus,LV/LV17_279bus/Loads.dss,150,401,1,1,1
ld466_load_a,b1701,1,LV10_223bus,LV/LV10_223bus/Loads.dss,94,304,1,1,1
ld4671_load_b,b2470,2,LV30_315bus,LV/LV30_315bus/Loads.dss,122,269,1,1,1
ld4676_load_b,b1017,2,LV9_258bus,LV/LV9_258bus/Loads.dss,223,1084,0,0,1
ld4679_load_c,b372,3,LV12_248bus,LV/LV12_248bus/Loads.dss,114,331,1,1,1
ld4680_load_c,b2806,3,LV30_315bus,LV/LV30_315bus/Loads.dss,27,233,1,1,1
ld4682_load_a,b3168,1,LV25_232bus,LV/LV25_232bus/Loads.dss,91,975,0,0,1
ld4688_load_b,b17,2,LV29_90bus,LV/LV29_90bus/Loads.dss,148,138,1,1,1
ld468_load_b,b243,2,LV12_248bus,LV/LV12_248bus/Loads.dss,131,79,1,1,1
ld4691_load_a,b2076,1,LV11_216bus,LV/LV11_216bus/Loads.dss,33,406,1,1,1
ld4696_load_a,b3233,1,LV30_315bus,LV/LV30_315bus/Loads.dss,11,256,1,1,1
ld4699_load_b,b3279,2,LV11_216bus,LV/LV11_216bus/Loads.dss,229,1200,0,0,1
ld4702_load_a,b2976,1,LV12_248bus,LV/LV12_248bus/Loads.dss,291,928,0,0,1
ld4703_load_c,b1423,3,LV9_258bus,LV/LV9_258bus/Loads.dss,5,794,0,0,1
ld471_load_b,b3397,2,LV10_223bus,LV/LV10_223bus/Loads.dss,267,909,0,0,1
ld473_load_a,b2314,1,LV25_232bus,LV/LV25_232bus/Loads.dss,56,587,0,1,1
ld47_load_b,b2135,2,LV17_279bus,LV/LV17_279bus/Loads.dss,95,935,0,0,1
ld482_load_b,b193,2,LV29_90bus,LV/LV29_90bus/Loads.dss,37,130,1,1,1
ld488_load_c,b163,3,LV30_315bus,LV/LV30_315bus/Loads.dss,101,1233,0,0,1
ld490_load_c,b922,3,LV22_80bus,LV/LV22_80bus/Loads.dss,276,907,0,0,1
ld493_load_b,b1633,2,LV25_232bus,LV/LV25_232bus/Loads.dss,203,151,1,1,1
ld498_load_c,b1933,3,LV32_100bus,LV/LV32_100bus/Loads.dss,42,600,0,1,1
ld501_load_a,b697,1,LV26_205bus,LV/LV26_205bus/Loads.dss,212,1148,0,0,1
ld502_load_c,b1168,3,LV17_279bus,LV/LV17_279bus/Loads.dss,70,1236,0,0,1
ld503_load_c,b1178,3,LV25_232bus,LV/LV25_232bus/Loads.dss,134,136,1,1,1
ld526_load_c,b2981,3,LV29_90bus,LV/LV29_90bus/Loads.dss,226,391,1,1,1
ld535_load_b,b2664,2,LV8_14bus,LV/LV8_14bus/Loads.dss,215,545,0,1,1
ld536_load_c,b578,3,LV9_258bus,LV/LV9_258bus/Loads.dss,262,519,0,1,1
ld540_load_c,b588,3,LV11_216bus,LV/LV11_216bus/Loads.dss,15,616,0,1,1
ld541_load_c,b1204,3,LV12_248bus,LV/LV12_248bus/Loads.dss,244,89,1,1,1
ld542_load_a,b201,1,LV30_315bus,LV/LV30_315bus/Loads.dss,183,815,0,0,1
ld545_load_a,b2475,1,LV17_279bus,LV/LV17_279bus/Loads.dss,234,893,0,0,1
ld546_load_c,b320,3,LV10_223bus,LV/LV10_223bus/Loads.dss,222,388,1,1,1
ld556_load_a,b258,1,LV10_223bus,LV/LV10_223bus/Loads.dss,16,60,1,1,1
ld561_load_b,b651,2,LV10_223bus,LV/LV10_223bus/Loads.dss,133,1020,0,0,1
ld562_load_a,b1331,1,LV22_80bus,LV/LV22_80bus/Loads.dss,59,9,1,1,1
ld565_load_b,b809,2,LV17_279bus,LV/LV17_279bus/Loads.dss,46,835,0,0,1
ld56_load_b,b3083,2,LV30_315bus,LV/LV30_315bus/Loads.dss,212,849,0,0,1
ld571_load_a,b289,1,LV29_90bus,LV/LV29_90bus/Loads.dss,196,254,1,1,1
ld575_load_a,b1035,1,LV12_248bus,LV/LV12_248bus/Loads.dss,118,677,0,0,1
ld577_load_c,b2085,3,LV17_279bus,LV/LV17_279bus/Loads.dss,141,1003,0,0,1
ld579_load_b,b1507,2,LV12_248bus,LV/LV12_248bus/Loads.dss,182,1213,0,0,1
ld582_load_a,b1544,1,LV9_258bus,LV/LV9_258bus/Loads.dss,36,564,0,1,1
ld584_load_c,b2290,3,LV24_246bus,LV/LV24_246bus/Loads.dss,249,1075,0,0,1
ld585_load_a,b2916,1,LV11_216bus,LV/LV11_216bus/Loads.dss,294,929,0,0,1
ld587_load_a,b1306,1,LV25_232bus,LV/LV25_232bus/Loads.dss,232,10,1,1,1
ld594_load_b,b2228,2,LV9_258bus,LV/LV9_258bus/Loads.dss,171,343,1,1,1
ld596_load_c,b604,3,LV12_248bus,LV/LV12_248bus/Loads.dss,134,637,0,0,1
ld598_load_b,b2529,2,LV25_232bus,LV/LV25_232bus/Loads.dss,299,575,0,1,1
ld5_load_a,b845,1,LV26_205bus,LV/LV26_205bus/Loads.dss,249,947,0,0,1
ld603_load_c,b3153,3,LV9_258bus,LV/LV9_258bus/Loads.dss,282,220,1,1,1
ld604_load_c,b50,3,LV10_223bus,LV/LV10_223bus/Loads.dss,222,452,0,1,1
ld609_load_a,b3183,1,LV17_279bus,LV/LV17_279bus/Loads.dss,160,244,1,1,1
ld610_load_a,b2895,1,LV24_246bus,LV/LV24_246bus/Loads.dss,33,953,0,0,1
ld611_load_a,b807,1,LV9_258bus,LV/LV9_258bus/Loads.dss,240,468,0,1,1
ld614_load_b,b2088,2,LV11_216bus,LV/LV11_216bus/Loads.dss,284,421,0,1,1
ld615_load_b,b1401,2,LV30_315bus,LV/LV30_315bus/Loads.dss,257,1063,0,0,1
ld616_load_b,b1720,2,LV24_246bus,LV/LV24_246bus/Loads.dss,141,234,1,1,1
ld626_load_c,b2055,3,LV3_55bus,LV/LV3_55bus/Loads.dss,170,997,0,0,1
ld627_load_b,b3165,2,LV26_205bus,LV/LV26_205bus/Loads.dss,224,859,0,0,1
ld632_load_c,b882,3,LV11_216bus,LV/LV11_216bus/Loads.dss,126,905,0,0,1
ld635_load_b,b2033,2,LV17_279bus,LV/LV17_279bus/Loads.dss,195,596,0,1,1
ld639_load_a,b693,1,LV12_248bus,LV/LV12_248bus/Loads.dss,186,586,0,1,1
ld63_load_c,b1082,3,LV17_279bus,LV/LV17_279bus/Loads.dss,150,1035,0,0,1
ld65_load_a,b2412,1,LV17_279bus,LV/LV17_279bus/Loads.dss,300,298,1,1,1
ld664_load_c,b34,3,LV17_279bus,LV/LV17_279bus/Loads.dss,175,1206,0,0,1
ld672_load_c,b2873,3,LV24_246bus,LV/LV24_246bus/Loads.dss,43,1208,0,0,1
ld675_load_a,b2783,1,LV24_246bus,LV/LV24_246bus/Loads.dss,274,442,0,1,1
ld67_load_c,b2805,3,LV30_315bus,LV/LV30_315bus/Loads.dss,96,518,0,1,1
ld680_load_a,b3148,1,LV11_216bus,LV/LV11_216bus/Loads.dss,69,369,1,1,1
ld689_load_b,b1315,2,LV9_258bus,LV/LV9_258bus/Loads.dss,89,1080,0,0,1
ld690_load_c,b3225,3,LV30_315bus,LV/LV30_315bus/Loads.dss,228,248,1,1,1
ld692_load_a,b2897,1,LV10_223bus,LV/LV10_223bus/Loads.dss,86,211,1,1,1
ld694_load_c,b272,3,LV26_205bus,LV/LV26_205bus/Loads.dss,239,1087,0,0,1
ld69_load_b,b2118,2,LV25_232bus,LV/LV25_232bus/Loads.dss,192,1140,0,0,1
ld716_load_b,b2286,2,LV12_248bus,LV/LV12_248bus/Loads.dss,204,822,0,0,1
ld718_load_c,b2901,3,LV9_258bus,LV/LV9_258bus/Loads.dss,119,1100,0,0,1
ld723_load_b,b893,2,LV10_223bus,LV/LV10_223bus/Loads.dss,95,888,0,0,1
ld730_load_a,b411,1,LV30_315bus,LV/LV30_315bus/Loads.dss,189,980,0,0,1
ld733_load_b,b3298,2,LV24_246bus,LV/LV24_246bus/Loads.dss,230,117,1,1,1
ld735_load_a,b2015,1,LV9_258bus,LV/LV9_258bus/Loads.dss,243,772,0,0,1
ld738_load_a,b64,1,LV26_205bus,LV/LV26_205bus/Loads.dss,40,102,1,1,1
ld73_load_a,b2547,1,LV9_258bus,LV/LV9_258bus/Loads.dss,26,360,1,1,1
ld740_load_c,b216,3,LV12_248bus,LV/LV12_248bus/Loads.dss,245,37,1,1,1
ld749_load_b,b910,2,LV11_216bus,LV/LV11_216bus/Loads.dss,143,140,1,1,1
ld74_load_a,b328,1,LV24_246bus,LV/LV24_246bus/Loads.dss,262,284,1,1,1
ld757_load_c,b2472,3,LV11_216bus,LV/LV11_216bus/Loads.dss,144,189,1,1,1
ld758_load_c,b59,3,LV24_246bus,LV/LV24_246bus/Loads.dss,297,226,1,1,1
ld765_load_c,b2258,3,LV25_232bus,LV/LV25_232bus/Loads.dss,57,437,0,1,1
ld768_load_b,b2545,2,LV29_90bus,LV/LV29_90bus/Loads.dss,255,356,1,1,1
ld774_load_c,b1435,3,LV10_223bus,LV/LV10_223bus/Loads.dss,250,192,1,1,1
ld781_load_b,b2717,2,LV9_258bus,LV/LV9_258bus/Loads.dss,275,773,0,0,1
ld784_load_a,b2217,1,LV25_232bus,LV/LV25_232bus/Loads.dss,74,868,0,0,1
ld786_load_b,b1277,2,LV25_232bus,LV/LV25_232bus/Loads.dss,296,896,0,0,1
ld787_load_a,b769,1,LV17_279bus,LV/LV17_279bus/Loads.dss,268,80,1,1,1
ld788_load_a,b2939,1,LV12_248bus,LV/LV12_248bus/Loads.dss,120,32,1,1,1
ld789_load_c,b2957,3,LV29_90bus,LV/LV29_90bus/Loads.dss,39,941,0,0,1
ld797_load_b,b3405,2,LV30_315bus,LV/LV30_315bus/Loads.dss,50,520,0,1,1
ld799_load_a,b1270,1,LV29_90bus,LV/LV29_90bus/Loads.dss,294,68,1,1,1
ld7_load_a,b2373,1,LV10_223bus,LV/LV10_223bus/Loads.dss,54,275,1,1,1
ld803_load_a,b1724,1,LV24_246bus,LV/LV24_246bus/Loads.dss,35,315,1,1,1
ld804_load_c,b3375,3,LV30_315bus,LV/LV30_315bus/Loads.dss,283,436,0,1,1
ld820_load_a,b1766,1,LV30_315bus,LV/LV30_315bus/Loads.dss,112,523,0,1,1
ld821_load_b,b1456,2,LV12_248bus,LV/LV12_248bus/Loads.dss,179,158,1,1,1
ld823_load_c,b2575,3,LV25_232bus,LV/LV25_232bus/Loads.dss,79,207,1,1,1
ld826_load_a,b3353,1,LV6_17bus,LV/LV6_17bus/Loads.dss,29,1030,0,0,1
ld827_load_b,b2288,2,LV26_205bus,LV/LV26_205bus/Loads.dss,70,1178,0,0,1
ld828_load_b,b2167,2,LV17_279bus,LV/LV17_279bus/Loads.dss,279,289,1,1,1
ld82_load_b,b74,2,LV17_279bus,LV/LV17_279bus/Loads.dss,128,486,0,1,1
ld833_load_a,b1952,1,LV34_20bus,LV/LV34_20bus/Loads.dss,75,507,0,1,1
ld836_load_a,b2722,1,LV25_232bus,LV/LV25_232bus/Loads.dss,185,1055,0,0,1
ld838_load_c,b2721,3,LV15_137bus,LV/LV15_137bus/Loads.dss,170,732,0,0,1
ld840_load_c,b549,3,LV17_279bus,LV/LV17_279bus/Loads.dss,266,1240,0,0,1
ld843_load_c,b1598,3,LV26_205bus,LV/LV26_205bus/Loads.dss,102,555,0,1,1
ld84_load_a,b104,1,LV29_90bus,LV/LV29_90bus/Loads.dss,200,823,0,0,1
ld852_load_b,b2291,2,LV30_315bus,LV/LV30_315bus/Loads.dss,289,400,1,1,1
ld857_load_c,b1890,3,LV9_258bus,LV/LV9_258bus/Loads.dss,216,1241,0,0,1
ld859_load_a,b636,1,LV26_205bus,LV/LV26_205bus/Loads.dss,268,1250,0,0,1
ld85_load_a,b733,1,LV12_248bus,LV/LV12_248bus/Loads.dss,18,492,0,1,1
ld860_load_a,b424,1,LV17_279bus,LV/LV17_279bus/Loads.dss,68,394,1,1,1
ld865_load_b,b505,2,LV26_205bus,LV/LV26_205bus/Loads.dss,137,562,0,1,1
ld868_load_a,b2190,1,LV3_55bus,LV/LV3_55bus/Loads.dss,263,84,1,1,1
ld873_load_b,b821,2,LV24_246bus,LV/LV24_246bus/Loads.dss,123,163,1,1,1
ld879_load_a,b596,1,LV11_216bus,LV/LV11_216bus/Loads.dss,245,771,0,0,1
ld884_load_c,b653,3,LV24_246bus,LV/LV24_246bus/Loads.dss,6,351,1,1,1
ld885_load_a,b2671,1,LV24_246bus,LV/LV24_246bus/Loads.dss,253,986,0,0,1
ld886_load_b,b1860,2,LV17_279bus,LV/LV17_279bus/Loads.dss,80,1048,0,0,1
ld888_load_b,b1539,2,LV24_246bus,LV/LV24_246bus/Loads.dss,48,885,0,0,1
ld890_load_a,b1873,1,LV9_258bus,LV/LV9_258bus/Loads.dss,100,722,0,0,1
ld893_load_c,b2079,3,LV17_279bus,LV/LV17_279bus/Loads.dss,262,1218,0,0,1
ld894_load_c,b2919,3,LV24_246bus,LV/LV24_246bus/Loads.dss,10,1149,0,0,1
ld897_load_c,b518,3,LV12_248bus,LV/LV12_248bus/Loads.dss,157,634,0,0,1
ld898_load_b,b1244,2,LV9_258bus,LV/LV9_258bus/Loads.dss,59,208,1,1,1
ld89_load_b,b474,2,LV12_248bus,LV/LV12_248bus/Loads.dss,236,1019,0,0,1
ld902_load_b,b634,2,LV25_232bus,LV/LV25_232bus/Loads.dss,12,23,1,1,1
ld905_load_b,b352,2,LV11_216bus,LV/LV11_216bus/Loads.dss,297,916,0,0,1
ld906_load_c,b3376,3,LV9_258bus,LV/LV9_258bus/Loads.dss,140,642,0,0,1
ld909_load_a,b2495,1,LV10_223bus,LV/LV10_223bus/Loads.dss,39,12,1,1,1
ld90_load_b,b335,2,LV9_258bus,LV/LV9_258bus/Loads.dss,293,680,0,0,1
ld913_load_a,b2334,1,LV12_248bus,LV/LV12_248bus/Loads.dss,83,330,1,1,1
ld916_load_c,b2155,3,LV25_232bus,LV/LV25_232bus/Loads.dss,132,395,1,1,1
ld925_load_a,b508,1,LV9_258bus,LV/LV9_258bus/Loads.dss,78,1227,0,0,1
ld926_load_b,b457,2,LV12_248bus,LV/LV12_248bus/Loads.dss,171,556,0,1,1
ld934_load_b,b810,2,LV9_258bus,LV/LV9_258bus/Loads.dss,21,791,0,0,1
ld936_load_c,b528,3,LV9_258bus,LV/LV9_258bus/Loads.dss,298,455,0,1,1
ld937_load_c,b831,3,LV11_216bus,LV/LV11_216bus/Loads.dss,281,808,0,0,1
ld93_load_b,b2310,2,LV26_205bus,LV/LV26_205bus/Loads.dss,21,568,0,1,1
ld940_load_b,b2428,2,LV29_90bus,LV/LV29_90bus/Loads.dss,268,476,0,1,1
ld942_load_c,b2706,3,LV30_315bus,LV/LV30_315bus/Loads.dss,135,371,1,1,1
ld94_load_c,b735,3,LV11_216bus,LV/LV11_216bus/Loads.dss,135,1101,0,0,1
ld951_load_a,b727,1,LV17_279bus,LV/LV17_279bus/Loads.dss,55,667,0,0,1
ld959_load_c,b599,3,LV26_205bus,LV/LV26_205bus/Loads.dss,116,1212,0,0,1
ld961_load_b,b1763,2,LV17_279bus,LV/LV17_279bus/Loads.dss,138,235,1,1,1
ld969_load_a,b2023,1,LV32_100bus,LV/LV32_100bus/Loads.dss,271,405,1,1,1
ld971_load_b,b2538,2,LV32_100bus,LV/LV32_100bus/Loads.dss,165,968,0,0,1
ld977_load_c,b1963,3,LV12_248bus,LV/LV12_248bus/Loads.dss,174,715,0,0,1
ld978_load_a,b2294,1,LV26_205bus,LV/LV26_205bus/Loads.dss,107,1219,0,0,1
ld984_load_b,b709,2,LV26_205bus,LV/LV26_205bus/Loads.dss,166,193,1,1,1
ld985_load_a,b795,1,LV30_315bus,LV/LV30_315bus/Loads.dss,63,760,0,0,1
ld986_load_b,b1062,2,LV22_80bus,LV/LV22_80bus/Loads.dss,160,733,0,0,1
ld991_load_a,b1166,1,LV12_248bus,LV/LV12_248bus/Loads.dss,78,283,1,1,1
ld994_load_a,b569,1,LV11_216bus,LV/LV11_216bus/Loads.dss,186,609,0,1,1
ld996_load_a,b453,1,LV25_232bus,LV/LV25_232bus/Loads.dss,289,361,1,1,1
ld998_load_c,b1005,3,LV29_90bus,LV/LV29_90bus/Loads.dss,298,977,0,0,1
ld999_load_b,b2887,2,LV12_248bus,LV/LV12_248bus/Loads.dss,242,250,1,1,1
