interval,control_id,changed_participant_count,changed_raw_request_kw,changed_effective_request_kw,changed_allocation_kw,changed_capability_kw,changed_delivery_kw,feeder_delivery_kw,feeder_delivery_change_kw,idle_authorization_kw,request_attenuation_kw,mean_changed_ceiling_before_ratio,mean_changed_ceiling_after_ratio,replay_gate_triggered,replay_outsider_access_release_kw,replay_outsider_delivery_recovery_kw,replay_feeder_delivery_recovery_kw
1,NO_FEEDBACK,5,479.299275,375.921,301.352433808,309.89385,290.931559645,1462.71233247,1.55869290954,30.5276119815,0,0.78431372549,0.78431372549,False,0,0,0
2,NO_FEEDBACK,5,479.299275,375.921,301.352433808,296.39925,277.436959645,1434.81842802,-10.2473174434,58.421516423,0,0.78431372549,0.78431372549,False,0,0,0
3,NO_FEEDBACK,5,479.299275,375.921,301.352433808,301.21875,279.096077919,1450.97551,-9.80211553171,42.2644344432,0,0.78431372549,0.78431372549,False,0,0,0
4,NO_FEEDBACK,5,479.299275,375.921,301.352433808,279.531,257.408327919,1448.70782934,-19.5213943344,44.5321151029,0,0.78431372549,0.78431372549,False,0,0,0
5,NO_FEEDBACK,5,479.299275,375.921,301.352433808,314.2314,272.198651574,1446.61017115,-18.5826124983,46.6297733008,0,0.78431372549,0.78431372549,False,0,0,0
6,NO_FEEDBACK,5,479.299275,375.921,301.352433808,258.80715,255.014691929,1444.46532076,-31.5721130497,48.7746236819,0,0.78431372549,0.78431372549,False,0,0,0
7,NO_FEEDBACK,5,479.299275,375.921,301.352433808,283.7079,276.702441929,1431.5676083,-9.5843310831,61.6723361444,0,0.78431372549,0.78431372549,False,0,0,0
8,NO_FEEDBACK,5,479.299275,375.921,301.352433808,275.6754,275.043323655,1458.72683076,-8.20865845113,34.5131136827,0,0.78431372549,0.78431372549,False,0,0,0
9,NO_FEEDBACK,5,479.299275,375.921,301.352433808,254.63025,253.355573655,1399.22598401,-17.4582665148,94.0139604344,0,0.78431372549,0.78431372549,False,0,0,0
10,NO_FEEDBACK,5,479.299275,375.921,301.352433808,267.48225,258.001104823,1419.95345186,-18.2753589782,73.2864925912,0,0.78431372549,0.78431372549,False,0,0,0
11,NO_FEEDBACK,5,479.299275,375.921,301.352433808,233.74575,224.264604823,1386.27614741,-23.6623534537,106.963797033,0,0.78431372549,0.78431372549,False,0,0,0
12,NO_FEEDBACK,5,479.299275,375.921,301.352433808,269.892,255.670282234,1432.36921432,-28.2143909448,60.8707301287,0,0.78431372549,0.78431372549,False,0,0,0
13,NO_FEEDBACK,5,479.299275,375.921,301.352433808,264.1086,249.886882234,1441.22190099,-34.3902385622,52.0180434533,0,0.78431372549,0.78431372549,False,0,0,0
14,NO_FEEDBACK,5,479.299275,375.921,301.352433808,307.4841,283.623382234,1458.14934655,-14.8143935146,35.0905978948,0,0.78431372549,0.78431372549,False,0,0,0
15,NO_FEEDBACK,5,479.299275,375.921,301.352433808,282.4227,277.682127411,1461.80762802,-18.5778319747,31.432316423,0,0.78431372549,0.78431372549,False,0,0,0
16,NO_FEEDBACK,5,479.299275,375.921,301.352433808,293.0256,283.465527411,1452.85628208,-6.51429750558,40.3836623626,0,0.78431372549,0.78431372549,False,0,0,0
1,DELIVERY_RATIO_CF_BETA_050,5,479.299275,375.921,301.352433808,309.89385,290.931559645,1462.71233247,1.55869290954,30.5276119815,0,0.78431372549,0.749429188852,False,0,0,0
2,DELIVERY_RATIO_CF_BETA_050,5,479.299275,369.42125917,299.506318864,296.39925,278.92773195,1445.57024819,0.504502727729,59.3640233298,6.49974082952,0.749429188852,0.741492015246,False,0,0,0
3,DELIVERY_RATIO_CF_BETA_050,5,479.299275,359.557610696,292.258152467,301.21875,280.615749111,1464.14346342,3.36583788012,36.6387509169,16.3633893039,0.741492015246,0.746910270401,False,0,0,0
4,DELIVERY_RATIO_CF_BETA_050,5,479.299275,359.583971291,291.748228219,279.531,259.095026281,1461.34702474,-6.88219893312,36.7282240985,16.3370287094,0.746910270401,0.716781880128,False,0,0,0
5,DELIVERY_RATIO_CF_BETA_050,5,479.299275,345.00078344,282.403374915,314.2314,275.659318155,1468.9498164,3.75703275213,30.4994489393,30.9202165601,0.716781880128,0.736543319134,False,0,0,0
6,DELIVERY_RATIO_CF_BETA_050,5,479.299275,355.537897293,289.366396993,258.80715,255.261252049,1459.11236162,-16.925072195,40.3487112042,20.3831027067,0.736543319134,0.715032709701,False,0,0,0
7,DELIVERY_RATIO_CF_BETA_050,5,479.299275,342.58756186,280.579482457,283.7079,272.74834871,1444.14062067,2.98868128599,54.1421297605,33.3334381398,0.715032709701,0.744079442768,False,0,0,0
8,DELIVERY_RATIO_CF_BETA_050,5,479.299275,354.149285705,287.600066452,275.6754,275.085325276,1468.08562443,1.15013521899,26.9383329121,21.7717142954,0.744079442768,0.743758221844,False,0,0,0
9,DELIVERY_RATIO_CF_BETA_050,5,479.299275,356.687493068,289.704048146,254.63025,250.911715808,1404.77946796,-11.9047825663,92.526612759,19.2335069316,0.743758221844,0.739657791152,False,0,0,0
10,DELIVERY_RATIO_CF_BETA_050,5,479.299275,341.456370364,277.709028183,267.48225,256.064054874,1428.1119796,-10.1168312336,58.8354545881,34.4646296357,0.739657791152,0.740630789782,False,0,0,0
11,DELIVERY_RATIO_CF_BETA_050,5,479.299275,343.427629068,279.228804061,233.74575,223.835539278,1396.14544937,-13.7930514989,91.9604181313,32.4933709322,0.740630789782,0.710138063362,False,0,0,0
12,DELIVERY_RATIO_CF_BETA_050,5,479.299275,320.583534133,263.010358283,269.892,256.048134935,1452.29065709,-8.29294817288,30.5201633917,55.3374658671,0.710138063362,0.729257955033,False,0,0,0
13,DELIVERY_RATIO_CF_BETA_050,5,479.299275,343.020973563,279.863881773,264.1086,250.784265723,1458.4899086,-17.1222309532,34.4369032683,32.9000264368,0.729257955033,0.699286037829,False,0,0,0
14,DELIVERY_RATIO_CF_BETA_050,5,479.299275,338.838370414,278.907368589,307.4841,277.640838771,1477.64574066,4.68200059554,25.1013834483,37.0826295861,0.699286037829,0.727431579504,False,0,0,0
15,DELIVERY_RATIO_CF_BETA_050,5,479.299275,356.428738817,290.959063216,282.4227,278.195057345,1479.37132604,-1.01413395539,25.3016459622,19.4922611829,0.727431579504,0.709476839852,False,0,0,0
16,DELIVERY_RATIO_CF_BETA_050,5,479.299275,357.784816343,293.574251718,293.0256,282.783410148,1470.93377996,11.563200371,42.621872059,18.136183657,0.709476839852,0.737580915178,False,0,0,0
1,EXTERNALITY_CF_BETA_050,5,479.299275,375.921,301.352433808,309.89385,290.931559645,1462.71233247,1.55869290954,30.5276119815,0,0.78431372549,0.694117647059,True,120.744002955,119.871549498,70.0385322326
2,EXTERNALITY_CF_BETA_050,5,479.299275,352.546425,291.438689926,296.39925,279.550515303,1462.29963749,17.233892023,55.5853050989,26.587575,0.694117647059,0.707843137255,True,66.9935078874,61.27583733,21.0008609863
3,EXTERNALITY_CF_BETA_050,5,479.299275,344.9557125,288.277527162,301.21875,285.077579287,1468.89544926,8.117823727,26.9994288469,72.7342875,0.707843137255,0.675490196078,True,78.1995918776,78.1995918776,45.5658428419
4,EXTERNALITY_CF_BETA_050,5,479.299275,334.33273125,281.160869069,279.531,265.047029374,1483.70189156,15.4726678844,26.8728322837,66.48901875,0.675490196078,0.655392156863,True,60.0140589719,60.0140589719,26.9633649819
5,EXTERNALITY_CF_BETA_050,5,479.299275,318.980615625,267.446436547,314.2314,267.193431113,1474.41688573,9.22410208976,26.6724357518,72.402946875,0.655392156863,0.688480392157,True,63.2804214002,63.2804214002,27.4335522437
6,EXTERNALITY_CF_BETA_050,5,479.299275,337.811807813,284.201645589,258.80715,256.096276723,1473.03508647,-3.0023473446,38.848063181,65.6606671875,0.688480392157,0.642279411765,True,68.3742886907,68.3742886907,26.0503156044
7,EXTERNALITY_CF_BETA_050,5,479.299275,300.237278906,253.491151529,283.7079,253.491151529,1447.49521458,6.34327519458,49.2468066565,89.9815710938,0.642279411765,0.713296568627,True,60.1223986777,54.2360856394,12.7666113295
8,EXTERNALITY_CF_BETA_050,5,479.299275,338.079139453,283.154038462,275.6754,271.133416696,1452.99252663,-13.9429625869,32.7901451364,88.7478292969,0.713296568627,0.678216911765,True,77.5541953406,75.9540830052,27.5708641833
9,EXTERNALITY_CF_BETA_050,5,479.299275,319.247319727,269.71154031,254.63025,245.133224172,1417.57438021,0.890129684848,87.8937909895,80.7711802734,0.678216911765,0.731265318627,False,51.7793615053,50.4438388397,-15.4395552044
10,EXTERNALITY_CF_BETA_050,5,479.299275,347.584159863,283.439667685,267.48225,253.326480911,1427.23326705,-10.9955437869,68.6395628818,28.3368401367,0.731265318627,0.687201286765,True,86.6919345177,86.1175558833,26.2128905182
11,EXTERNALITY_CF_BETA_050,5,479.299275,318.377079932,266.537686441,233.74575,226.00627101,1411.04795255,1.10945168618,79.5886020778,82.1836138184,0.687201286765,0.641639859069,True,62.860193379,62.1499377783,12.2196076649
12,EXTERNALITY_CF_BETA_050,5,479.299275,281.684164966,239.513831567,269.892,238.774379893,1430.67321829,-29.9103869683,26.2489043926,149.299622534,0.641639859069,0.661996400123,True,70.6883254196,70.6883254196,45.9343389667
13,EXTERNALITY_CF_BETA_050,5,479.299275,321.573332483,271.917162113,264.1086,252.506294246,1478.29281841,2.68067885044,31.493848083,77.2402925171,0.661996400123,0.617272709865,True,59.9605022293,59.9605022293,22.0217393075
14,EXTERNALITY_CF_BETA_050,5,479.299275,300.070216241,254.050664428,307.4841,253.979839136,1474.71669218,1.75295211356,26.2267009622,89.9076587585,0.617272709865,0.669420668658,True,69.1248846478,69.1248846478,44.8647305464
15,EXTERNALITY_CF_BETA_050,5,479.299275,336.710408121,285.10425331,282.4227,273.294550117,1492.48704728,12.1015872841,28.259337983,66.723081015,0.669420668658,0.632749550015,True,78.367050334,75.1169638512,47.5250840281
16,EXTERNALITY_CF_BETA_050,5,479.299275,336.07380406,284.707549247,293.0256,278.170276503,1487.31325093,27.9426713446,43.6875446447,55.5164541183,0.632749550015,0.688923794616,True,67.1356605658,63.2247706636,16.3313823735
1,UNIFORM_MATCHED_EXTERNALITY_CF_BETA_050,5,479.299275,375.921,301.352433808,309.89385,290.931559645,1462.71233247,1.55869290954,30.5276119815,0,0.78431372549,0.78431372549,False,0,0,0
2,UNIFORM_MATCHED_EXTERNALITY_CF_BETA_050,5,479.299275,370.555331565,301.352433808,296.39925,277.436959645,1434.81842802,-10.2473174438,58.4215164229,26.587575,0.773118906899,0.773118906899,False,0,0,0
3,UNIFORM_MATCHED_EXTERNALITY_CF_BETA_050,5,479.299275,361.242411578,301.352433808,301.21875,279.096077919,1450.97551,-9.80211553266,42.2644344427,72.7342875,0.753688625083,0.753688625083,False,0,0,0
4,UNIFORM_MATCHED_EXTERNALITY_CF_BETA_050,5,479.299275,362.502776294,301.352433808,279.531,257.408327919,1448.70782934,-19.5213943353,44.5321151025,66.48901875,0.75631822371,0.75631822371,False,0,0,0
5,UNIFORM_MATCHED_EXTERNALITY_CF_BETA_050,5,479.299275,361.309279803,301.352433808,314.2314,272.198651574,1446.61017114,-18.5826124993,46.6297733005,72.402946875,0.753828137551,0.753828137551,False,0,0,0
6,UNIFORM_MATCHED_EXTERNALITY_CF_BETA_050,5,479.299275,362.669946855,301.352433808,258.80715,255.014691929,1444.46532076,-31.5721130505,48.7746236815,65.6606671875,0.756667004879,0.756667004879,False,0,0,0
7,UNIFORM_MATCHED_EXTERNALITY_CF_BETA_050,5,479.299275,357.761717865,301.352433808,283.7079,276.702441929,1431.5676083,-9.58433108426,61.6723361434,89.9815710938,0.746426578393,0.746426578393,False,0,0,0
8,UNIFORM_MATCHED_EXTERNALITY_CF_BETA_050,5,479.299275,358.010700685,301.352433808,275.6754,275.043323655,1458.72683076,-8.20865845217,34.5131136816,88.7478292969,0.746946050952,0.746946050952,False,0,0,0
9,UNIFORM_MATCHED_EXTERNALITY_CF_BETA_050,5,479.299275,359.620477202,301.352433808,254.63025,253.355573655,1399.22598401,-17.4582665155,94.0139604333,80.7711802734,0.750304655066,0.750304655066,False,0,0,0
10,UNIFORM_MATCHED_EXTERNALITY_CF_BETA_050,5,479.299275,370.202310399,301.352433808,267.48225,258.001104823,1419.95345186,-18.2753589785,73.2864925909,28.3368401367,0.772382370909,0.772382370909,False,0,0,0
11,UNIFORM_MATCHED_EXTERNALITY_CF_BETA_050,5,479.299275,359.335432399,301.352433808,233.74575,224.264604822,1386.27614741,-23.6623534547,106.963797032,82.1836138184,0.74970994354,0.74970994354,False,0,0,0
12,UNIFORM_MATCHED_EXTERNALITY_CF_BETA_050,5,479.299275,345.790675142,301.352433807,269.892,255.670282234,1432.36921432,-28.2143909467,60.8707301276,149.299622534,0.721450444802,0.721450444802,False,0,0,0
13,UNIFORM_MATCHED_EXTERNALITY_CF_BETA_050,5,479.299275,360.333049634,301.352433808,264.1086,249.886882234,1441.22190099,-34.3902385633,52.0180434528,77.2402925171,0.75179135131,0.75179135131,False,0,0,0
14,UNIFORM_MATCHED_EXTERNALITY_CF_BETA_050,5,479.299275,357.776634196,301.352433808,307.4841,283.623382234,1458.14934655,-14.8143935161,35.0905978942,89.9076587585,0.746457699516,0.746457699516,False,0,0,0
15,UNIFORM_MATCHED_EXTERNALITY_CF_BETA_050,5,479.299275,362.455539925,301.352433808,282.4227,277.682127411,1461.80762802,-18.5778319755,31.4323164226,66.723081015,0.756219670736,0.756219670736,False,0,0,0
16,UNIFORM_MATCHED_EXTERNALITY_CF_BETA_050,5,479.299275,364.717161911,301.352433808,293.0256,283.465527411,1452.85628208,-6.51429750628,40.383662362,55.5164541183,0.760938271629,0.760938271629,False,0,0,0
