forecast_cv,penalty_to_export_value_ratio,cell_count,mean_selected_gamma,inflated_request_cell_share,strict_private_gain_cell_share,endogenous_externality_cell_share,productive_high_request_cell_share,mean_private_utility_gain_mw_equivalent,mean_own_delivery_gain_mw,mean_outside_delivery_loss_mw,mean_total_delivery_change_mw,mean_system_delivery_loss_mw,mean_incremental_own_idle_award_mw
0.0,0.0,300,1.2033333333333334,0.6666666666666666,0.6666666666666666,0.3333333333333333,0.29,0.003939626375480845,0.003939626375480845,0.005750407788048285,-0.0018107814125674505,0.0022337116766161466,0.0010044357540547866
0.0,0.05,300,1.2033333333333334,0.6666666666666666,0.6666666666666666,0.3333333333333333,0.29,0.003889404587778106,0.003939626375480845,0.005750407788048285,-0.0018107814125674505,0.0022337116766161466,0.0010044357540547866
0.0,0.1,300,1.2020000000000002,0.6666666666666666,0.6666666666666666,0.32,0.29,0.0038394484666924643,0.003938606208665948,0.005716243310779889,-0.0017776371021139515,0.0022005673661626476,0.0009915774197348487
0.0,0.25,300,1.1946666666666665,0.6666666666666666,0.6666666666666666,0.24666666666666667,0.2966666666666667,0.003696566358284068,0.00391301354870485,0.005467039908740848,-0.0015540263600360093,0.0019783739764230425,0.0008657887616831298
0.0,0.5,300,1.1926666666666668,0.6666666666666666,0.6666666666666666,0.22666666666666666,0.30333333333333334,0.0034894825624092016,0.0038950869184659026,0.005372887104249771,-0.0014778001857838775,0.0019180881189153614,0.0008112087121134023
0.0,1.0,300,1.1833333333333333,0.64,0.64,0.2,0.27666666666666667,0.0032109401780362652,0.0036423518834875386,0.005014410378605874,-0.0013720584951183409,0.001869373301597639,0.0004314117054512731
0.0,2.0,300,1.1766666666666667,0.6333333333333333,0.6333333333333333,0.14,0.27,0.002897895146258737,0.003501915707446,0.004698013203782917,-0.00119609749633692,0.0016900204867172875,0.0003020102805936318
0.0,5.0,300,1.1506666666666667,0.58,0.58,0.013333333333333334,0.21666666666666667,0.002358477096042292,0.0024381542996774848,0.003338857639608787,-0.0009007033399313065,0.0012647175311578656,1.59354407270385e-05
0.0,10.0,300,1.1466666666666667,0.5666666666666667,0.5666666666666667,0.0,0.20333333333333334,0.002303117761356235,0.002303117761356235,0.0031670940703174316,-0.0008639763089612007,0.0012173640452720113,0.0
0.05,0.0,300,1.3216666666666668,0.9,0.9,0.8,0.056666666666666664,0.004276647227465916,0.004276647227465916,0.012006294920432994,-0.007729647692967075,0.007729647720712087,0.005977761079849186
0.05,0.05,300,1.2776666666666667,0.9,0.9,0.7466666666666667,0.11,0.0040402760935786455,0.004249694924231674,0.009805520829251237,-0.00555582590501957,0.005746164945576694,0.004188376613060544
0.05,0.1,300,1.2706666666666666,0.9,0.9,0.7333333333333333,0.12333333333333334,0.0038386915907236,0.004225661724733409,0.009502215835824905,-0.005276554111091502,0.005473276654998257,0.003869701340098095
0.05,0.25,300,1.2126666666666668,0.68,0.68,0.44,0.19666666666666666,0.0033734239399229836,0.0037090979731134923,0.005808285926985944,-0.0020991879538724404,0.002425214589028333,0.0013426961327620388
0.05,0.5,300,1.2020000000000002,0.6666666666666666,0.6666666666666666,0.41333333333333333,0.21,0.0030567405268866013,0.0036737489272465024,0.005567534753630978,-0.001893785826384465,0.0022203752099860504,0.0012340168007198007
0.05,1.0,300,1.1833333333333333,0.64,0.64,0.36666666666666664,0.23,0.0025635453259096894,0.0033186544574242503,0.004908852197142816,-0.001590197739718553,0.0019375982889509014,0.0007551091315145613
0.05,2.0,300,1.1706666666666665,0.58,0.58,0.36666666666666664,0.17,0.00197313397020497,0.0029309022491195973,0.004367446024173257,-0.0014365437750536454,0.001764402473480525,0.0004788841394573138
0.05,5.0,300,1.1366666666666667,0.5666666666666667,0.5666666666666667,0.32666666666666666,0.19666666666666666,0.0016580783383219242,0.00207034971002723,0.002825042304074227,-0.0007546925940469832,0.0010597722485466488,8.24542743410612e-05
0.05,10.0,300,1.1280000000000001,0.5133333333333333,0.5133333333333333,0.3,0.15666666666666668,0.0013374531711151066,0.0017452064117287225,0.0024916053004964012,-0.0007463988887676669,0.0009928903635301604,4.077532406136158e-05
0.1,0.0,300,1.4116666666666666,0.9,0.9,0.8333333333333334,0.06333333333333334,0.0047827368509877006,0.0047827368509877006,0.016341052918816733,-0.011558316067829004,0.011558316309708048,0.009850751094367933
0.1,0.05,300,1.3663333333333332,0.9,0.9,0.78,0.11666666666666667,0.0043402826094500625,0.004734223303584884,0.014074125338810868,-0.00933990203522596,0.009382371166983124,0.00787881388269641
0.1,0.1,300,1.299,0.9,0.9,0.7533333333333333,0.14333333333333334,0.004038457079479936,0.004517263435261945,0.009940489928418283,-0.0054232264931563185,0.005593636263544527,0.004788063557820085
0.1,0.25,300,1.285,0.9,0.9,0.7533333333333333,0.14333333333333334,0.0033631203097608045,0.004421435032086657,0.00944884300814447,-0.005027407976057791,0.005256311042165664,0.004233258889303409
0.1,0.5,300,1.2033333333333334,0.6666666666666666,0.6666666666666666,0.48,0.18333333333333332,0.0025221869750409283,0.0033294786932058294,0.005183542781031807,-0.0018540640878259604,0.00216183754018177,0.0016145834363298027
0.1,1.0,300,1.1816666666666666,0.64,0.64,0.43333333333333335,0.20333333333333334,0.0018183013399399532,0.0029460324640594392,0.004521577308016168,-0.0015755448439567102,0.001846135659905485,0.001127731124119486
0.1,2.0,300,1.145,0.5666666666666667,0.5666666666666667,0.36,0.20333333333333334,0.0010652430202292395,0.0018904928471406453,0.0028611223243094,-0.0009706294771687333,0.0011728595831025966,0.00041262491345570295
0.1,5.0,300,1.109,0.44,0.44,0.2866666666666667,0.15,0.00027880758931319037,0.0011748153102135552,0.0017672270933421325,-0.0005924117831285606,0.0007625828041974233,0.00017920154418007297
0.1,10.0,300,1.0863333333333332,0.24,0.24,0.16666666666666666,0.07,0.00018946365579399722,0.000349979649621582,0.000740902075570769,-0.0003909224259491776,0.00039141990328388796,1.6051599382758476e-05
0.2,0.0,300,1.5566666666666666,0.9,0.9,0.8333333333333334,0.06333333333333334,0.00604331681001905,0.00604331681001905,0.031049583510252526,-0.025006266700233468,0.02500626781216234,0.013254919231849772
0.2,0.05,300,1.5566666666666666,0.9,0.9,0.8333333333333334,0.06333333333333334,0.005380570848426562,0.00604331681001905,0.031049583510252526,-0.025006266700233468,0.02500626781216234,0.013254919231849772
0.2,0.1,300,1.4093333333333333,0.9,0.9,0.7533333333333333,0.14333333333333334,0.004864797010648527,0.005748327097421704,0.013428781610305463,-0.007680454512883769,0.007873952471461122,0.008835300867731771
0.2,0.25,300,1.3786666666666665,0.9,0.9,0.7533333333333333,0.14333333333333334,0.003648971038056356,0.005521622099443021,0.012104855158904011,-0.006583233059461003,0.006903780633666336,0.007490604245546656
0.2,0.5,300,1.2016666666666667,0.6666666666666666,0.6666666666666666,0.36,0.30333333333333334,0.0021066199223626373,0.0030524339911670063,0.0041471978342465885,-0.001094763843079575,0.001539297142891974,0.0018916281376087389
0.2,1.0,300,1.1816666666666666,0.64,0.64,0.36,0.27666666666666667,0.0012642119372870946,0.00266898776273301,0.003587914577899795,-0.0009189268151667821,0.0013176579417976163,0.0014047758254459152
0.2,2.0,300,1.1406666666666667,0.5666666666666667,0.5633333333333334,0.36,0.2,0.00023410891391636846,0.0016134481201447943,0.002278444595786235,-0.0006649964756414484,0.0009019212553692216,0.0006896696031142129
0.2,5.0,300,1.0716666666666668,0.14666666666666667,0.14666666666666667,0.05333333333333334,0.07,6.71364296318178e-05,8.822620767417521e-05,0.0002428333141884549,-0.00015460710651428697,0.00015460878272638052,4.217955608471482e-06
0.2,10.0,300,1.0703333333333334,0.13333333333333333,0.13333333333333333,0.04,0.07,4.7160573635922504e-05,7.487827843739824e-05,0.00020160764089496906,-0.0001267293624575768,0.00012673103866967035,2.771770480147574e-06
0.3,0.0,300,1.5566666666666666,0.9,0.9,0.7766666666666666,0.12,0.00716397068035085,0.00716397068035085,0.02876176593674605,-0.021597795256395155,0.02169673772653428,0.012134265361517974
0.3,0.05,300,1.5566666666666666,0.9,0.9,0.7766666666666666,0.12,0.00655725741227495,0.00716397068035085,0.02876176593674605,-0.021597795256395155,0.02169673772653428,0.012134265361517974
0.3,0.1,300,1.4980000000000002,0.9,0.9,0.7233333333333334,0.17333333333333334,0.005972976797464355,0.007119105373798855,0.017023744821214933,-0.009904639447416033,0.010166642902636707,0.011461285763344993
0.3,0.25,300,1.492,0.9,0.9,0.7233333333333334,0.17333333333333334,0.004258085489574956,0.007047030389223832,0.01683206494726332,-0.009785034558039439,0.010081257629003602,0.011155779598595506
0.3,0.5,300,1.2016666666666667,0.6666666666666666,0.6666666666666666,0.3566666666666667,0.30666666666666664,0.0020850427559184056,0.003038049213537519,0.003996058774560714,-0.0009580095610231676,0.0014425947327403469,0.0019060129152382267
0.3,1.0,300,1.1816666666666666,0.64,0.64,0.35,0.2866666666666667,0.0012354423820281196,0.0026546029851035225,0.0034834811324986627,-0.0008288781473951164,0.0012459904208665274,0.0014191606030754028
0.3,2.0,300,1.1406666666666667,0.5666666666666667,0.5633333333333334,0.35,0.21,0.0001909545810279045,0.0015990633425153062,0.002196424299973754,-0.0005973609574584297,0.000839521654060024,0.0007040543807437009
0.3,5.0,300,1.0663333333333334,0.12,0.12,0.02666666666666667,0.07,3.5557697813909485e-05,5.1972533594388926e-05,0.00012754048375084972,-7.556795015645435e-05,7.556938042129055e-05,3.2829671560958884e-06
0.3,10.0,300,1.0656666666666665,0.12,0.12,0.02666666666666667,0.07,2.3529088002903092e-05,4.486175132253363e-05,9.972190534020873e-05,-5.486015401766779e-05,5.486158428250399e-05,2.1332663319630535e-06
